DATE,ALABAMA,ALASKA,ARIZONA,ARKANSAS,CALIFORNIA,COLORADO,CONNECTICUT,DELAWARE,DISTRCT OF COLUMIA,FLORIDA,GEORGIA,HAWAII,IDAHO,ILLINOIS,INDIANA,IOWA,KANSAS,KENTUCKY,LOUISIANA,MAINE,MARYLAND,MASSACHUSETTS,MICHAGIN,MISSISSIPPI,MISSOURI,MINNESOTA,MONTANA,NEBRASKA,NEVADA,NEW HAMPSHIRE,NEW MEXICO,NEW JERSEY,NORTH CAROLINA,NORTH DAKOTA,NEW YORK,OHIO,OKLAHOMA,OREGON,PANANPENNSYLVANIA,PUERTO RICO,SOUTH CAROLINA,SOUTH DAKOTA,TENNESSEE,TEXAS,UTAH,VERMONT,VIRGINIA,WASHINGTON,WEST VIRGININA,WISCONSIN,WYOMING
1/1/08,2002.6,300.2,2650.4,1191.8,15243.3,2313.6,1686.4,430.7,689,7853.2,4131.3,31.8,6.8,5868.3,2931.2,1496,1367.3,1828.9,1913.2,599.5,2562.2,3252.6,4145.8,1148.7,2757.8,2716.5,432.7,953.4,1269,639.3,834,4004.5,4108.8,356.9,8620.7,5315.7,1592,1702.6,5713,473.4,1916.5,399.6,2762.5,10479.7,1244.3,307,3722.2,2951.2,716.2,2818.9,287.3
2/1/08,2012.3,306,2673.3,1198.9,15335.8,2330,1693.3,431.8,693.7,7909.9,4150.7,31.6,6,5875.8,2942.1,1499.8,1378.4,1829.8,1931.2,600,2573.9,3265.3,4159.1,1155.2,2771.3,2719.2,435.5,954.9,1272.8,639.1,843.3,4006.9,4128.4,359,8664.7,5324.8,1606.9,1714.2,5733.1,475.4,1927.8,401.1,2771.7,10568.7,1247.8,308.4,3732.3,2971,720,2814.6,289.2
3/1/08,2020.5,308.4,2672.3,1206.6,15388.8,2342.6,1699.2,434.9,698.3,7931.3,4151.7,31.6,5.7,5904.8,2955.8,1509.5,1390.6,1838.3,1940.2,601.7,2593.7,3280.8,4159.4,1159.3,2792.7,2726.7,439.2,961.2,1275.6,640.4,847.6,4032.7,4149.2,361.6,8704.8,5324.7,1618.2,1721.3,5761.6,477.3,1942.9,403.5,2789.9,10614.6,1253.1,306.6,3752.2,2983.5,724.1,2827.4,291
4/1/08,2025.8,312.9,2661.8,1207.1,15400.5,2348.1,1712.2,439.7,701.3,7847.6,4157.4,31.8,5.6,5961.6,2981.6,1529.5,1400.8,1852.6,1942.5,609.5,2614.2,3320.3,4173.1,1163.4,2820.4,2744.7,441.4,969.6,1280.8,643.8,848.9,4051.9,4150.3,365.9,8770.5,5383.7,1622.2,1728,5827.7,483.9,1946.6,407.1,2797,10642.1,1259,304.5,3777.6,2994.3,728.9,2855.8,291.6
5/1/08,2029.6,327.2,2655,1212.8,15437,2358.8,1720.6,441.8,702.7,7816.4,4168,31.9,5.6,6010.5,3010.2,1546.5,1407.3,1868.9,1948.2,622.9,2628.7,3347.4,4226,1162.3,2839.3,2789.4,449.8,979.8,1286.1,653,852.8,4082.9,4176,371.8,8833.9,5434.3,1632.2,1735.2,5863,489.1,1960.3,416.6,2805.3,10696.8,1256.5,308.6,3794.6,3015.5,744.4,2898,300.3
6/1/08,2028.3,341,2605.5,1209.4,15463,2378,1726.6,443.6,704.1,7675.1,4140.8,32.1,5.4,6021,2986.6,1544.6,1406.4,1861.8,1943.5,633.6,2628.8,3363.9,4244.2,1153.6,2839.1,2811.6,454,979.4,1279.4,658.4,850.2,4126.9,4157.6,371.2,8876.3,5427.7,1618,1740.1,5856.7,489.3,1953.2,420.9,2784.3,10706.8,1261.3,309,3819.8,3028.3,731.9,2919.1,307.7
7/1/08,2005.3,346.2,2563.4,1190.8,15253.4,2362.2,1692.8,439.8,720.1,7564.9,4100.7,32.6,5.3,5968.5,2930.5,1515.2,1376.6,1838.7,1922.5,632.1,2613.7,3335.7,4112.8,1130.5,2779.5,2772.5,452.4,966.6,1265,652.2,841.7,4061.2,4065.5,363,8804,5368,1603.7,1717.8,5784.5,479.1,1918.7,416.6,2758.6,10605.6,1242.7,301.7,3799.8,3013.5,727.5,2887.6,305.3
8/1/08,2007.6,345.4,2601.6,1200.2,15241.1,2368.2,1688.5,438.2,715.9,7638.9,4127.9,32.4,5.6,5970.1,2967.7,1514.7,1371.5,1849,1940.7,629.9,2608.5,3323.9,4147.8,1144.9,2791,2776.6,453.3,969.4,1260.4,652.8,846.8,4032,4133.9,364,8765.6,5371.7,1615.1,1718.6,5778.3,480.1,1919.8,420.2,2778.8,10647.6,1252.2,301.5,3793.3,3009.2,729.5,2886.3,305.1
9/1/08,2009.6,337.2,2607.5,1211.2,15268.9,2359.8,1704.2,436.3,705.2,7610.7,4103.9,32.4,5.5,5970.4,2986.5,1534.3,1396.9,1838.3,1925.4,625.7,2604.7,3336.5,4180.4,1149,2814.2,2775,450.3,972.5,1261.4,654.8,854.7,4027.3,4153.1,373.7,8779.9,5375.5,1626.9,1724.3,5820.2,484.3,1923.4,415.2,2779.3,10641.9,1261.3,309.2,3774.8,3015,736.7,2889.5,306.8
10/1/08,1999.8,319,2600.5,1204.9,15241.2,2350.7,1707.6,435.4,706,7582.2,4094,32.5,5.5,5967,2978.4,1540.7,1404.9,1835.2,1953.2,624.9,2606,3346.2,4168.8,1145.6,2811.9,2785,447.1,978.2,1252.4,653.5,852.2,4024.7,4129.2,374.9,8840.7,5370,1629.2,1724.1,5846.2,482.6,1912.5,414.7,2766.1,10697.3,1254.8,311.9,3772.8,2990.4,738.9,2889.6,304.3
11/1/08,1989.6,311.6,2596.9,1200,15182.4,2339.8,1708,435.9,706.1,7589.6,4081.3,32.7,5.6,5940.2,2956.3,1535.5,1403.8,1835.1,1960.3,617.5,2600.2,3327.2,4139.3,1143.1,2798.2,2765.6,442.5,975.9,1238,649.6,847.2,4014.8,4110.3,373.6,8836.6,5340.6,1629.1,1705.8,5823.9,479.8,1905,411.6,2758.4,10715.3,1249,307.9,3766.3,2993.2,739,2877.1,298.8
12/1/08,1983.8,309.1,2581.8,1195.9,15143.7,2339.3,1704.1,433.4,704.6,7588.7,4058.9,32.9,6.2,5898.6,2925,1525.2,1400.3,1826,1961.6,612.5,2595.6,3311.4,4092.4,1132.7,2783.1,2741.5,439.8,972,1221,648.7,842.4,4006,4087.4,372.1,8830.2,5302.5,1627,1684,5795.8,476.1,1888.8,409.7,2745,10704.1,1246.5,310.3,3758.3,2960.3,736,2854.6,297.5
1/1/09,1922.9,302.6,2498.8,1167,14689.1,2270,1640.2,416,697.9,7379.7,3953.9,32.7,6.4,5677.8,2800,1471.7,1359.5,1755.2,1912.9,584,2502.3,3187.9,3863.9,1107.9,2693.5,2651.3,419.9,944.8,1180.9,627.2,817,3870.9,3945.3,358.6,8490,5099.4,1581.1,1626,5601.5,454.4,1826.4,397.5,2647.5,10444.6,1203.3,299.1,3647,2886.1,710,2744.6,287.5
2/1/09,1918.6,307.6,2493.7,1168.4,14623.6,2260.7,1640.3,414.2,697.5,7380.2,3943.1,32.6,5.5,5660.1,2792.1,1471.9,1357,1746.8,1921,582.5,2503.3,3186.9,3882.2,1107.9,2691.1,2637.8,420,943.9,1172,624.5,818.2,3859.5,3933.7,359.8,8507.3,5084,1582.3,1620.9,5605.6,455.3,1822.4,396.9,2636.3,10433.7,1197.1,300.9,3636.2,2879.6,709.9,2731.2,285.8
3/1/09,1918.6,308.9,2485,1173,14602.2,2256.9,1634.1,415.3,697.3,7375,3929.2,32.7,5.2,5653.7,2798,1473,1357.3,1752.4,1921.2,580.1,2517.3,3183.8,3872.5,1106.7,2705,2629.3,419.7,946.3,1163.1,621.6,816.6,3864.6,3926.9,360.5,8509.3,5078.1,1585.1,1612.7,5605.3,454.8,1826.6,397.3,2634.6,10430.9,1196.1,297.3,3641.4,2871.3,714.1,2723.4,285.7
4/1/09,1918.2,313.5,2467.4,1174,14537.5,2246.9,1633,416.9,696.5,7326.9,3931.5,33.5,5.1,5670.8,2805.2,1488.3,1357.9,1764.5,1912.8,588.3,2533.1,3215.4,3895.8,1105.5,2721.3,2650.3,425.5,951.7,1158.4,623.2,816.1,3880.4,3919.4,362.9,8515.5,5093.4,1579.9,1614.9,5635.6,458.7,1830.3,399,2629.9,10387.5,1194.1,293.7,3653.8,2867.5,716.5,2735.6,283.7
5/1/09,1917.3,323.2,2451.8,1171,14545.4,2249.5,1643.1,422.2,697.3,7287.4,3930.3,33.1,5.1,5698.5,2814.7,1497.8,1361,1769.5,1915,601.7,2548.4,3231.5,3911.3,1105.5,2728.6,2680.4,431.5,959.7,1155.7,632.6,817,3919.8,3934.8,370.8,8578.3,5118.6,1579.8,1619.7,5661.4,465.2,1834.7,409.3,2630.2,10395.5,1189.6,297.7,3669.6,2880.8,720.3,2765,291.1
6/1/09,1912.5,338.3,2391.6,1164.2,14515.6,2257.5,1641.5,421.6,698.1,7154.9,3898.2,33.1,5.2,5692.5,2772.6,1493.5,1350.9,1765.4,1900.1,607.7,2553.8,3239,3883.1,1098.1,2721.9,2687.6,438.4,957.5,1147.5,635.1,811.7,3954.1,3907.6,371.8,8587.3,5091.7,1568.3,1623.1,5642.5,465.4,1825.7,412.9,2599.3,10370.4,1190.4,297.2,3687,2880.9,719.4,2775.3,294.6
7/1/09,1890.8,343.8,2363.4,1151.3,14223.3,2236.5,1610.3,416.8,718.1,7065.7,3858.9,33.4,5.2,5625.9,2718,1460.5,1319.7,1748.5,1884,605.8,2526.8,3206.6,3793.9,1080.6,2663.2,2647.2,435.4,948.3,1133.5,623.8,803.4,3883.3,3816.7,361.8,8542,5036.2,1550.4,1600.5,5568.9,456.1,1802.6,408.8,2582.6,10230.8,1168.5,290.1,3658.6,2858.2,709.7,2738.5,289.7
8/1/09,1888,342.6,2387.5,1154.8,14202.2,2234.3,1603,415.6,706.7,7132.6,3870.3,33.3,5.2,5614.3,2761.6,1461.5,1314.9,1754,1888.8,605.6,2521.2,3191.3,3818.7,1088.8,2671.7,2643.9,435.6,946.7,1128.2,624.1,807.8,3862.3,3877.5,362.3,8493.8,5033.8,1550.7,1594.8,5550.2,456.1,1803.9,409,2599.7,10225.4,1174.5,290.8,3647.9,2836.7,711.2,2732.3,288.9
9/1/09,1891.3,334.1,2400.7,1164.4,14220.7,2231,1624.3,415.1,694.2,7127.8,3860.2,33.2,5.3,5637.8,2804.5,1479.3,1334.9,1758.4,1893.9,605.4,2520.6,3213.1,3876.6,1095.7,2694.7,2635.8,433.6,948.6,1135.7,629.8,812.6,3867.8,3900.8,372.2,8488.7,5053.5,1557.6,1605.4,5598.9,461.7,1801.1,406.2,2609.9,10247.5,1187.3,297.6,3632.3,2850.7,713.8,2731.9,291.2
10/1/09,1888.3,317.9,2407.3,1161.5,14352.3,2230.2,1628.9,416.5,703.9,7152.8,3868.9,33.8,5.3,5647.3,2812.6,1487.2,1340.4,1762.7,1897.4,603.8,2529.4,3228.5,3896.3,1091.2,2694.4,2662.6,431.9,952,1135.5,630.4,811.3,3872.9,3887.9,374.1,8568.8,5066.4,1558.1,1614.5,5646.9,462.8,1800.6,404.2,2616.1,10291.3,1187.8,301.6,3643.1,2860.4,715.7,2744.2,285.7
11/1/09,1896.3,310.4,2421.5,1163,14374.1,2226.1,1633.9,416,706.9,7206.8,3881.2,34.1,5.1,5649.2,2812.9,1486.8,1343.2,1770.2,1904.5,598.5,2530.8,3222.3,3886.7,1094,2691.4,2654.6,428.7,952,1134.8,627.4,808.7,3885.2,3891.2,372.7,8590.7,5063.1,1559.7,1610.2,5651.4,462.1,1802.7,402.9,2629,10319,1187.8,298.4,3652.1,2849.6,717.3,2739.7,281.2
12/1/09,1896.7,307.3,2422,1162.5,14383,2233.4,1636.4,414.8,705.7,7226.2,3872,34.2,5.8,5628.7,2804.3,1477,1339.1,1768.1,1898.5,595.7,2530,3224.8,3869.3,1089.7,2685.6,2643.6,426.8,945.8,1134.1,630.6,808.3,3893.8,3880.4,371.9,8608,5050.4,1557.7,1603.5,5633.6,460.1,1795.7,399.8,2621.7,10331.8,1189.8,302.4,3650.4,2832.2,718,2731.9,280.4
1/1/10,1858.3,303,2366.2,1136,14048.8,2173.6,1568.7,399.9,698.3,7096.4,3794.6,33.9,5.9,5461.9,2722,1432.3,1301.9,1715.7,1858.6,572,2450.8,3145.9,3752.2,1072.3,2604.2,2567,413.3,921.5,1104.4,608.6,789.3,3765,3790.1,360.1,8324,4904.9,1521.4,1562.6,5473.1,443.6,1760,388.2,2556.9,10156.8,1159.6,293.7,3560.4,2777.4,694.2,2646.3,272.7
2/1/10,1864.4,307,2385,1137.6,14089.6,2187.2,1576.8,397.2,695.6,7148.2,3807.2,33.9,5.3,5484.2,2729.8,1437.3,1305.3,1709.1,1867.1,572.9,2429.2,3148.6,3768.7,1077.9,2616.3,2568.7,413.9,924.9,1105.8,611.4,795.9,3757.3,3795.4,362.5,8372.6,4910.5,1528.4,1570.6,5483.8,445.7,1771.1,389.2,2562.3,10210,1159.7,296.2,3545.3,2784.9,696.1,2651,273.8
3/1/10,1879.8,309.4,2396.6,1154,14158.1,2199.9,1582.6,404,703.5,7195.5,3827.3,34.5,5.1,5517.2,2761.6,1449.8,1316.1,1733.2,1884.3,574.8,2487.2,3161,3781.2,1087.8,2646.5,2578.2,418.5,930.9,1108.8,614.5,801,3787.6,3831,365.9,8428.2,4944.9,1544,1578.9,5541.4,449,1789.5,392,2584.9,10299.8,1168.8,295.2,3587.9,2802.1,708.3,2665.4,275.9
4/1/10,1891.4,315.5,2407.1,1162.9,14290,2210.6,1607.8,411.6,713.7,7215.2,3859.2,34.6,5,5595.8,2805.3,1477.1,1334.8,1760.2,1893.3,583.8,2524.5,3214.4,3839,1098,2680.2,2626.4,423.7,944.5,1120.9,618.6,807,3838.5,3864.7,374,8542.1,5022.8,1556.9,1596.7,5622.7,455.9,1816.5,399.6,2614.8,10347.8,1182.1,295.6,3642.7,2827.6,715.2,2710.9,278.5
5/1/10,1907.1,325.7,2413.8,1175.2,14382.9,2224.4,1625.9,417.2,715.5,7239.1,3891,36.6,5,5654.9,2833.1,1488.8,1347,1775.5,1901.3,599.1,2548.5,3250.1,3896.1,1104.7,2698.4,2660.5,432.4,954.5,1128.3,628.7,810.6,3883.5,3905.4,379.1,8625.7,5080.6,1569.4,1611.4,5677.9,463.4,1837.4,407.3,2637.8,10437.4,1183.9,297.5,3673.1,2853.8,732,2743.2,286.4
6/1/10,1907.8,343.6,2351.7,1177.6,14395.8,2240,1625.9,420,715.5,7117.5,3866.8,35.3,5.1,5661.5,2803.7,1486.3,1342.8,1776.3,1899.1,604.4,2555.8,3253.4,3908.1,1100.7,2688.9,2679.8,437.3,956.7,1124.3,632,808.2,3926.8,3884.7,379.9,8628,5076.9,1564.2,1621.1,5673.5,463.6,1832.4,413,2613.1,10441.9,1187.2,297.5,3691.7,2859.9,721.1,2762,292.9
7/1/10,1888.2,349.6,2326.7,1159,14187.2,2230.2,1609,420.2,732.2,7060.4,3852.5,35.2,5.1,5595.1,2775.1,1457.5,1318.5,1755.5,1876.5,604.8,2536.3,3237.7,3846.1,1083.5,2638.5,2645.9,436.8,946.9,1116.7,624.2,801.1,3855.5,3808.3,371.2,8526,5043.7,1549.9,1597.5,5605.7,459.3,1816.6,409,2600.4,10324.2,1171.9,294,3677.9,2847.7,716.8,2740.6,289.1
8/1/10,1886.9,347.8,2357.2,1164.3,14209.5,2233.2,1604.7,419.1,707.7,7145.2,3868.5,34.8,5.1,5622.2,2806.5,1455.7,1319.1,1761,1879.7,604.4,2532.1,3222.6,3851.5,1089.5,2666.1,2650.6,437.3,947.9,1114,624.1,802.6,3830.7,3875.2,372.9,8487.5,5047.3,1550.7,1598.2,5601.3,460.1,1821.1,411.6,2619.3,10352.4,1179,294.2,3664.6,2829.2,717.7,2744.6,290.7
9/1/10,1891.7,341.4,2373.9,1172.2,14266.2,2227.6,1624.5,419.3,711.1,7135.9,3859,34.5,5.2,5651,2829.1,1474.3,1332.9,1772,1889.3,604.4,2535.5,3240.2,3913.8,1098.4,2683.3,2653,435.6,948.3,1116,629.5,803.8,3832,3890.9,382.9,8533.1,5069.2,1558.1,1607,5650.9,464,1817.8,407.8,2635.3,10393,1193,299.7,3654.2,2849.5,722.9,2747,293.3
10/1/10,1897.7,324.8,2402.2,1171.2,14413.3,2235.1,1635.9,418.1,717.4,7199.5,3892.6,34.6,5.1,5686.5,2841.8,1490.6,1348,1781.1,1899.1,603.9,2549.4,3267.2,3941.7,1100,2691.4,2682,433.1,955.5,1124.1,630.7,807.8,3851.3,3919.4,388.3,8662,5106.7,1571.9,1628.8,5703.7,463.9,1822,408.6,2645.4,10476.7,1198.4,305.3,3677.6,2872.4,726,2767.6,290.6
11/1/10,1904.3,317.5,2423.1,1172.3,14464.1,2237.4,1641.2,419,718.5,7260.2,3905.6,35,5.2,5697.8,2840.9,1493.8,1345.8,1787.8,1904.1,598.8,2553.1,3264.4,3942.5,1099.5,2690,2678.2,428.3,954.8,1126,629.2,806.4,3863.9,3929.2,387.6,8696.9,5116.3,1575.9,1626.6,5722.3,464.6,1826.1,407.1,2657.1,10519.5,1201.3,301.5,3690.5,2870.4,727.9,2768.3,284.3
12/1/10,1903.6,314.1,2430,1172.8,14494.5,2253.6,1644.6,420.1,717.5,7289.2,3896.7,35,5.8,5687.2,2833.5,1487.8,1345.6,1792.4,1905.9,596.3,2557.5,3264.3,3922.7,1098.1,2685,2664.5,427.4,953.7,1124.6,633.3,807.3,3869.9,3918.9,387.5,8707.2,5106.9,1580.3,1620.8,5712.1,462.3,1825.2,405.2,2655.2,10548,1204.5,305.6,3689.7,2859.1,724.1,2753.2,284.6
1/1/11,1858.7,308.6,2379.2,1148.3,14197.7,2201.8,1591.7,406.7,713.8,7175.7,3804.5,34.8,5.9,5526.1,2765.2,1443.8,1315.5,1739.1,1875.3,572.3,2478.2,3166.6,3832,1078.2,2614.6,2603.7,413.7,928.5,1106.8,612.8,788,3743.7,3824.6,377.5,8462.2,4959.5,1541.6,1583.4,5555.3,444.5,1779.2,393,2587.6,10362.3,1177.1,297,3611.5,2807.6,702.7,2676.8,276.2
2/1/11,1873.6,314.2,2402.4,1148.2,14280.5,2212.1,1603,407.8,716.9,7227.1,3855.6,34.7,5.3,5546.3,2776.4,1449.9,1317,1744.3,1889.6,574.2,2495.1,3179.3,3847,1084.1,2620.1,2609.9,415.8,931.8,1109.6,615.8,795.9,3753.8,3859.7,379.2,8525.3,4981.1,1541.7,1596.2,5587.4,447.9,1798.9,394.3,2609.2,10421.6,1182,299.8,3629.6,2820.2,707.1,2683.6,277.8
3/1/11,1886.2,316.4,2414.8,1162,14339.8,2227.7,1605.6,412,721.5,7274,3876.9,34.8,5.2,5590.7,2808.5,1460.9,1326.7,1762.2,1901.2,575.4,2522.9,3194,3874.4,1094.3,2654.5,2619.2,419.8,939.1,1114.8,617.8,800.1,3783.1,3889.5,382.7,8570.3,5015.1,1564.9,1603.1,5631.2,451,1819.5,396.8,2632.2,10518.7,1190.6,298.5,3656.3,2832.3,715.3,2699.6,280.1
4/1/11,1894.6,321.2,2426.6,1177.9,14405.1,2246.8,1633.4,419.6,727.7,7311.1,3916.7,34.8,5.1,5667.6,2849.7,1489.1,1347.6,1783.4,1910.3,582.9,2547.4,3250.8,3926.4,1100,2694.7,2667.9,425.7,953.6,1126.6,623.6,806.5,3826.4,3921.1,389,8686.3,5092.4,1580.7,1617.8,5700.4,460.1,1842.5,403.4,2660.8,10589.5,1204.7,295.9,3692.4,2862.7,724.7,2737,281.3
5/1/11,1897.3,330.5,2425.8,1173.9,14452.3,2251.4,1638.3,420.4,723.8,7280.9,3926.4,34.8,5.1,5702.6,2873.5,1500.4,1353.9,1786.9,1911.7,594.5,2561.9,3271.4,3972.9,1100.1,2706.2,2705.1,433.4,960.7,1130.6,629.9,806.9,3856,3940.9,396.1,8717.8,5132.9,1584.6,1624.7,5730.7,465.8,1851.3,411.4,2669.3,10624,1203,299.2,3697.5,2880.6,728.7,2766.6,288.8
6/1/11,1896.9,348.8,2361.7,1166.3,14471,2273.4,1638.5,421.6,726.3,7166.9,3904.2,34.8,5.1,5721.7,2838.1,1499.8,1340.9,1792.3,1899.8,605.9,2569,3288.8,3986,1093.7,2697.1,2723.7,438.5,959.9,1128.7,633.5,804.3,3906,3926.5,397.9,8741.2,5131.8,1578.3,1634.9,5729.7,467.8,1850.8,417.3,2646.3,10660.3,1209.5,300.7,3717.2,2893.8,722.2,2784.4,296.9
7/1/11,1881.7,354,2337.7,1159.7,14324,2262.1,1623.8,420.7,740.8,7129.1,3885.6,35,5.1,5680.5,2808.3,1477.8,1325.2,1773.8,1891,610.6,2560.8,3283.2,3931.6,1078.4,2654.1,2670.9,437.3,950.4,1122.7,627.4,797.9,3851.6,3851.1,391.9,8692.6,5128.2,1564.9,1611.1,5654.8,461.7,1833.8,412.9,2642.6,10577.4,1196.9,294.7,3701.1,2889,718.1,2770.9,296.9
8/1/11,1886.9,352.6,2392.9,1166.4,14370.9,2272.9,1616,418.5,724.7,7214.6,3910.1,34.9,5.1,5695.3,2844.5,1479.9,1328.4,1792,1898.4,610.2,2550.1,3266.7,3952.6,1088.9,2662.1,2702.1,440.4,952.9,1122.2,626.4,801.2,3828.4,3924.1,395.5,8660.2,5145,1573.3,1614.8,5648,461,1839.5,414.8,2670.2,10613.1,1207.7,297.8,3694,2878,722.9,2771.2,297.5
9/1/11,1899.9,347.2,2422.6,1178.3,14467.2,2278.8,1639.2,419.9,730.2,7242.2,3909.5,34.8,5.2,5728.1,2889.6,1501.5,1348.2,1800.8,1913,608.9,2560.2,3294.5,4012.7,1099,2693,2722.8,441.2,957.5,1132.4,633.6,807.6,3852.3,3944.4,408.3,8713.5,5159,1594.6,1628.4,5713.1,466,1841,412.6,2688.1,10667.8,1224.1,303.3,3715.7,2895.8,734.6,2782.4,299.2
10/1/11,1894.4,329.4,2440.5,1184,14574.8,2276.4,1643.4,418.1,729.5,7283.8,3929.2,34.9,5.2,5741.5,2892.3,1509.5,1357.6,1800.9,1920.9,606.4,2571.4,3307.5,4033.8,1098.8,2697.9,2728.5,438.2,964.5,1137.9,633.9,806.5,3865.6,3958.5,412.2,8811.3,5172.9,1597.8,1640.9,5748.4,467.4,1840.4,413,2697,10694.5,1227.6,306.8,3723.5,2905.8,737.1,2786,295.5
11/1/11,1905.3,321.3,2464.6,1184.6,14655.5,2283.4,1650.9,420.1,729.2,7359.7,3948.7,35.2,5.4,5751.9,2893.6,1513.7,1359.5,1814.1,1927.8,601.3,2575.7,3304.8,4038.6,1101.6,2700.9,2723.7,434.6,966.9,1139.2,634.3,805.7,3884.7,3973.5,413.6,8850.1,5192.4,1602.4,1642.3,5772.6,467.3,1847.4,411.3,2716.2,10753.2,1231.3,304.6,3740.6,2908.6,740.7,2785.9,290.3
12/1/11,1904.7,318,2467.7,1183.8,14677.8,2300.5,1656.2,420.9,728.5,7392.9,3935.1,35.3,6.2,5746.7,2895.8,1507.7,1355,1814.7,1927.5,597.6,2580.9,3305,4017.4,1097.7,2699.4,2714.8,434.6,965.7,1136.9,636.9,805.9,3892.3,3968,415,8868.1,5184.5,1607.5,1638.9,5759.4,465.3,1846.1,411.3,2715.5,10784.2,1237,310.4,3734.5,2895.7,739.9,2777.4,291.7
1/1/12,1870.4,312.6,2425.2,1160.4,14435.3,2248.4,1607.1,406.9,720.6,7285.4,3876.2,35,6.4,5596.1,2826.3,1467.3,1331.8,1772.1,1897.5,575.1,2510.7,3216.4,3929.6,1085.3,2633.5,2646.6,422.8,945,1120.2,619,786.7,3783.2,3897.9,408.3,8590.6,5050.8,1575,1599.7,5600.9,449.1,1813.6,399.9,2649,10621.4,1212,300.9,3659.3,2840.3,720.3,2690.1,283.2
2/1/12,1882.8,320.2,2448.4,1166.2,14532.1,2261.9,1618.5,407.9,723.9,7348.2,3897.7,34.8,5.8,5620.3,2846.4,1474.5,1339.6,1776.6,1911.7,577.3,2527.1,3226.8,3948.5,1095.4,2644.9,2653.3,423.9,947.7,1123.5,619.6,796,3800.7,3922.3,411.6,8671.9,5082.4,1589.9,1612.8,5647.6,454,1830,400.6,2667.2,10713.9,1218.6,303,3676.5,2854.8,723.4,2704.3,284.6
3/1/12,1901.5,322.9,2466.3,1177.7,14626.5,2281.2,1626.1,412.8,728.5,7408.3,3921.2,34.7,5.5,5673.3,2874.7,1488.8,1351.3,1794.5,1923.3,578.8,2556.4,3254.1,3976.6,1103.7,2675.7,2668.5,427.8,957.6,1130.9,623.1,801.4,3837.9,3955.9,416.1,8727.5,5129.8,1602.7,1620.1,5702.1,457.1,1851.6,404.8,2698.8,10800.8,1229.2,303.6,3703.9,2876.8,731.6,2732.7,286.7
4/1/12,1909.6,326.7,2468,1182.9,14664.3,2291.4,1638,416.6,729.1,7427.4,3954.8,34.8,5.4,5731.4,2901.2,1510.8,1360,1809.5,1937.6,587.6,2571.3,3291.6,4015.6,1107.4,2701.3,2709.6,434.5,967.4,1139.5,626.7,804.1,3851.5,3981.4,424.2,8785.8,5188.9,1614.9,1632.1,5742,463.2,1866,411.3,2715.3,10852.3,1246.4,299.2,3728.1,2898.1,736.8,2768.8,287.8
5/1/12,1912.5,337.9,2464.1,1188.1,14763.3,2301.8,1649.2,422.4,732.2,7417.5,3971.8,34.8,5.2,5775.9,2924.5,1524.1,1370.8,1822.1,1944,602.3,2590.3,3320.7,4061.2,1108.2,2719.2,2740.2,443.6,977.9,1148.1,634.3,806.5,3899,4013.3,432,8866.3,5247,1622.7,1646,5774.9,470.3,1877.6,418.9,2724.7,10918.1,1251.3,304,3738.6,2926.6,750.7,2802.3,294.2
6/1/12,1916.7,354.5,2420.2,1181.8,14830,2329.3,1654.2,423.4,730.5,7323.2,3957,34.9,5.2,5799.1,2902.9,1524.1,1366.1,1825.5,1934.2,613.4,2601.3,3359.4,4068.9,1100.5,2715.4,2762.1,448.4,976.8,1150,641.4,803.8,3960.5,3987.3,436.1,8882.5,5248.8,1617.3,1654.5,5760.3,472.2,1881.9,424.6,2705.7,10964.7,1257.5,304.8,3759.1,2945.9,731.4,2820.2,300.8
7/1/12,1892.7,358.1,2387.7,1161.9,14658.2,2317.9,1633.7,423,740.7,7268.9,3926,35,5.3,5747.3,2849.7,1500.5,1337.3,1801.7,1910.7,613.7,2582.4,3328.5,4007.2,1086.5,2666.8,2722.3,448.3,967,1139.2,635.7,795.6,3885,3909.7,429,8791.2,5210.2,1595.8,1632.1,5687.4,464.3,1859.9,419.1,2687.6,10866.8,1237.2,299.9,3724.7,2932.1,724.4,2787.8,299.2
8/1/12,1903.4,357.3,2445.2,1170.9,14737.7,2327.7,1628.2,422.2,726.4,7366.7,3961,34.9,5.3,5768.1,2910.6,1505.4,1344.2,1813.3,1920.3,613.5,2582.2,3320,4026.5,1102,2683.5,2739.7,450.1,969.3,1145.6,637.3,801.2,3875.6,3993,430.8,8780.4,5223.7,1608.3,1639.4,5688.4,466.5,1866.9,420.8,2714.7,10931.4,1249.2,302.2,3737.7,2928.1,727.6,2794.4,299.2
9/1/12,1911.2,349,2474.8,1181,14803.3,2329,1650.8,421.8,733.4,7383.1,3954.7,34.8,5.3,5807.7,2943.1,1519.8,1361,1819.4,1924.3,610.9,2593.3,3339.5,4076.6,1107.7,2707.3,2756.4,449.9,973.5,1153.8,641,807.5,3897.7,4016.4,439.3,8828,5232.7,1621,1649.1,5748.9,472.8,1870.4,418.7,2734,10975.5,1264.9,307.6,3750.8,2943.7,738.9,2805.4,299.1
10/1/12,1914,336.4,2494.2,1182.8,14945.7,2339.9,1659.4,423.9,741.1,7455.5,3991.7,35,5.3,5815.7,2944.4,1528.8,1374.8,1823.5,1942.3,608.9,2602.2,3354.8,4095.2,1107.4,2721.5,2771.3,447,979.2,1160.6,641,819.2,3911.2,4037.7,442,8953.5,5265.6,1634.4,1665.7,5780.8,472.1,1874.8,418.1,2745.3,11046.2,1272.2,308.3,3772.9,2964.8,740.6,2818.9,296.1
11/1/12,1927.5,325.5,2523,1184.9,15061.7,2349.7,1668.3,427.2,742.7,7544.2,4022.6,35.2,5.5,5836.1,2949.9,1533.7,1377.6,1837.6,1954.8,601.7,2608.2,3359.4,4102.9,1112.7,2727.3,2771.4,443,981.4,1165.5,640.2,818.7,3913.6,4056.7,439,8953.9,5275.9,1642.2,1666.1,5797.9,471.2,1891,417.2,2766.3,11130.4,1281.8,308,3790.2,2969.3,741.4,2827,291
12/1/12,1926.2,321.8,2531.1,1187.1,15084.3,2362.3,1672.8,427.4,741.5,7569.1,4009.4,35.1,6.3,5824.2,2945.4,1527.4,1375.2,1838.9,1954.1,598.7,2614.1,3353.2,4093.2,1110.7,2725.2,2759.6,443.6,981.5,1160.6,642.3,816,3938.1,4052.5,439.1,9005.6,5263.8,1644.4,1661.3,5781.8,472.1,1887.4,415.6,2768.8,11157.5,1283.7,312.5,3788.3,2955,740.8,2814.6,291.9
1/1/13,1885.5,314.7,2478.5,1161.7,14796.3,2309.9,1618.3,413.2,729.6,7446.3,3949.6,34.4,6.3,5658.1,2859.7,1484,1341.7,1791.2,1920.9,577.9,2539.3,3258.8,4004.4,1092.6,2655,2699.3,432.3,955.6,1145,624,799.6,3825.9,3964.2,428.1,8693.7,5113.5,1600.9,1622.2,5620,455.1,1844.4,404.7,2691.1,10942.5,1257.5,303.5,3700.8,2906.7,719.4,2716.8,283.9
2/1/13,1903.4,322.3,2505.1,1170.6,14922.1,2331,1621.6,415,734.3,7523.4,3977.6,34,5.5,5689.3,2887.5,1493.2,1352.8,1794.8,1939.9,578.3,2555.8,3273.2,4029.4,1104.6,2673.3,2711.6,435.5,959.6,1148.8,626.8,806,3842.6,3993.6,431.3,8770.2,5142.8,1614.7,1639.2,5664.1,457.4,1860.5,406,2711.2,11072,1265.2,304.8,3719.8,2924.6,721.5,2746.2,284.5
3/1/13,1917.8,324.7,2517.8,1177.3,15000,2348.4,1632.5,419.9,737.5,7577.1,3992.6,34,5.4,5723.1,2907.2,1501.7,1359,1809.6,1948.8,579.9,2579.1,3298.5,4051.5,1110.2,2693.9,2719.4,438.7,965.7,1158.4,627.3,807.8,3875.9,4022.7,433.9,8828.9,5171.7,1626.3,1647.9,5702.7,461.3,1878.2,408.9,2733.1,11142.2,1274.4,305.6,3741,2939,728,2760.2,287
4/1/13,1926.4,329.3,2526.9,1182.9,15065.1,2357.3,1655.3,425,744.2,7587.2,4026.5,34.1,5.3,5771.7,2934.7,1520.7,1375.2,1825.6,1956.5,588.8,2598.4,3353.5,4068.6,1114.7,2729,2742.6,444.5,975.8,1168.3,632.1,815.6,3895.7,4050.1,436.2,8922.7,5248.9,1634.2,1664.7,5745.5,467.8,1897,411.6,2757.2,11186.7,1286.5,303.5,3764,2960.6,733.5,2779.6,287.6
5/1/13,1934.2,340.1,2524.1,1186.5,15148.1,2370.1,1665.8,430.3,744.8,7589.1,4039.5,34,5.3,5832.8,2947.4,1542,1380.8,1837.7,1959.7,604.5,2619.6,3387.6,4138.5,1115.2,2748.6,2790.7,452.5,989.2,1176.1,642,819.2,3936.8,4077,446.9,8977.9,5317.3,1645.8,1679.7,5784.7,475.1,1911.5,423.5,2766.6,11240.4,1287.9,305,3770.2,2990.3,739.8,2822.3,295.2
6/1/13,1935.2,355.3,2472.6,1176.7,15178.6,2395.3,1676.3,432.6,739,7497.9,4023.1,33.9,5.3,5851.9,2932.1,1543.6,1374.5,1835.2,1956.1,616.4,2630.1,3417,4149.9,1110,2742.1,2812.2,456.6,987.5,1178.9,646.5,805.6,3996.4,4056.2,450,9001.8,5303.5,1636.5,1686.6,5771.1,479,1917.2,427.5,2744.7,11284.1,1291.3,307,3785.1,3001.8,732.9,2844.7,303.2
7/1/13,1915.2,360.2,2451,1162.2,15032.5,2388.3,1655.9,432.4,752.8,7461.9,4005.2,33.8,5.3,5803.4,2880.5,1527.6,1354.1,1817.3,1938.7,619.9,2610.8,3383.8,4072.6,1094.1,2693.6,2767.5,454.2,978.2,1171,639.5,801.6,3934.1,3983,442,8948.6,5276,1620.9,1666.4,5705.7,472.6,1899.7,422.3,2729.1,11205.7,1278.8,299.9,3761.7,2993,725.7,2821.2,301.5
8/1/13,1923.2,359.8,2502.1,1169.2,15146.3,2402.2,1646.7,432.7,738.8,7569.7,4043.6,33.7,5.2,5825.3,2950.6,1532.6,1359.8,1837.4,1953.4,618.8,2608.8,3378.5,4105.9,1108.8,2712.2,2787.7,457,982.6,1178.5,642,810.7,3927.5,4064.3,444.1,8925.2,5297.1,1633.3,1674.6,5710.5,473.4,1906.2,424.6,2758.1,11252.6,1287.3,304.2,3765.5,2994.6,729.1,2830.1,301
9/1/13,1927.4,351.3,2530.4,1183.6,15200.8,2402,1661.4,432.3,747.4,7582.8,4043.2,33.6,5.3,5855.3,2970.7,1545.2,1382.7,1842.6,1959.8,616.4,2613.6,3390.1,4156.7,1118.5,2736.4,2804.2,455.6,986.4,1182.9,641.9,813.7,3941.4,4090.7,454,8981.3,5303.6,1645.7,1689.5,5766.2,478.3,1912.8,422.4,2778.5,11297.8,1300.9,308.1,3770.7,3012.1,734.9,2840.8,300.1
10/1/13,1929.6,333.5,2553.6,1186.4,15344.5,2408,1667.8,434.6,748.8,7650.9,4078.5,33.6,5.2,5867.3,2978.7,1547.9,1391.8,1846.4,1977.2,615,2618.2,3413,4181.3,1118.1,2751.4,2820.5,454.7,993.1,1189.6,646.3,820,3953.9,4114.9,456.8,9108.2,5330.8,1650.6,1704.3,5797.3,480.6,1919,422.3,2795.7,11361.4,1312.1,311.5,3776.9,3027.4,737.7,2849.8,298.2
11/1/13,1942.6,325.1,2586,1189.8,15482.2,2420.1,1679,439.2,752.7,7754.9,4107.1,33.7,5.4,5884.1,3002.4,1554.4,1397.4,1863.9,1988.2,605.3,2632.3,3416.1,4185.7,1125.2,2753.4,2815.6,450.9,995.6,1198,646.1,820.3,3977.7,4131.4,457.2,9154.9,5355.3,1660,1709.4,5818.9,479.2,1932.7,421.9,2825.5,11450.4,1320.1,311,3801.8,3033.6,741.4,2853.2,292.4
12/1/13,1947.2,322.1,2592.1,1184.8,15498.7,2433.6,1676.4,436.7,750.6,7785.1,4101.4,33.8,6.3,5880.9,2997.6,1547.5,1395.4,1865.2,1979.7,603.2,2627.3,3414.6,4169.6,1123.1,2747.2,2804.1,450.8,994.7,1195.3,649.6,820,3977.6,4130.4,453.1,9164.5,5341.2,1654.4,1705.5,5800.9,477.1,1933,420.1,2827.7,11458.3,1323.6,315.1,3790,3024.1,738.3,2847,293.2
1/1/14,1905.7,318.6,2536.1,1164.4,15230,2389.7,1631,424.3,732.8,7665.3,4036.1,33.4,6.4,5712,2885.2,1504,1359.1,1812.4,1950.5,580.2,2549.4,3313.2,4065.1,1107.4,2669.8,2731.5,437.8,970.8,1179.9,630.5,806,3848.9,4039.7,441.3,8831,5180.3,1623.1,1673.1,5648.6,460.9,1891.7,410.4,2752.4,11273.3,1293.8,306.7,3710.4,2985.8,714.3,2761.8,286.7
2/1/14,1915.4,322.9,2558.1,1173,15327.2,2405.1,1630.6,423.7,737.5,7738.4,4045.6,33.2,5.5,5734.6,2913.2,1512.5,1370.3,1810.5,1961.5,581.7,2561.3,3331.9,4098.7,1110.7,2690,2740.2,441.1,975.7,1186.7,633.6,809.9,3850.4,4040.3,445.1,8919.9,5203.9,1633.4,1681.3,5669.3,464.3,1898.9,411.8,2764.4,11368.4,1301.4,308.4,3710.5,2993,713.6,2778.6,287.6
3/1/14,1930,325.5,2566.4,1182,15411.3,2421.9,1639.9,428.3,740.9,7794.6,4087.3,33.1,5.4,5778.1,2941.6,1522.6,1381.4,1829.2,1973.5,583.6,2584.6,3353.3,4114.9,1116.8,2712.6,2743,442.7,981.4,1198.1,634.2,811.6,3882.4,4088,447.6,8973.1,5238.6,1643.7,1693.8,5717.2,466.4,1928.9,414.1,2791.5,11441.5,1309.6,307.8,3736.7,3011,722.7,2792.2,289.6
4/1/14,1944.1,331.2,2577.7,1190.5,15477.6,2438.6,1665.6,434.1,746.2,7824,4129.1,33.2,5.3,5855,2978.2,1548,1394.9,1854.1,1980.1,591.7,2615.6,3413.6,4136.4,1124.3,2761.7,2784.5,449.1,991.9,1208.4,639.6,819.2,3938.2,4131.4,453.8,9069.4,5319.4,1653,1710.5,5787.9,476.5,1951.2,419.5,2815.2,11520.9,1320.8,304.4,3783.7,3027.1,731,2827.8,291.4
5/1/14,1950.5,344,2564.9,1198.3,15564.4,2452.6,1677.9,440.9,745.4,7830.9,4152.7,33.2,5.4,5915.9,3006.6,1564.4,1403.5,1866,1989.2,607.5,2642.7,3449.7,4212.1,1124.3,2780.1,2830.8,456.2,1002.7,1218.9,647,825.6,3985.3,4166.9,463.3,9153.1,5391.3,1662.5,1724.8,5830.4,484.1,1966.5,429.2,2824.8,11593,1323.6,308.3,3801.5,3052.1,747.1,2863.1,300
6/1/14,1953.2,356.4,2520.1,1190.1,15595.4,2478,1684.1,442.9,747,7731.5,4138.8,33.3,5.4,5935.5,2988.9,1564,1396.4,1863.7,1984.4,621.2,2654.2,3476.9,4242.6,1118.1,2769.7,2855.9,462,1000.2,1216.2,654.7,812.2,4032.8,4151.9,466.8,9188.3,5379.1,1654.3,1734.3,5825.4,485.4,1968,434,2800.2,11636,1328.2,310.6,3814.7,3070.1,721.7,2888.3,307.4
7/1/14,1934.1,362.4,2497.1,1173.7,15435.7,2470.5,1661.2,442,759,7702.4,4129.6,33.2,5.4,5883.3,2932.9,1540.5,1375.1,1849.1,1972.4,623,2628.4,3457.2,4163.2,1104.8,2725.3,2826.8,461.4,989.8,1209,649.1,812.1,3972.9,4076.1,462.2,9136.1,5348.3,1641.9,1714,5757.8,480.2,1945.9,429.5,2792.3,11558.6,1312.2,304.7,3787.6,3072.3,717.8,2867.2,306.9
8/1/14,1945,360.3,2547.8,1183.9,15573.4,2487.1,1656.4,441.3,744.4,7814.6,4173.9,33.1,5.3,5900.2,2986.9,1545.4,1379.5,1867,1986.8,622.8,2635.7,3436.9,4180.3,1118.3,2744.9,2837.4,462.5,992.6,1220.2,643.3,821.4,3957.5,4152,463.5,9121,5378.5,1654.2,1722.9,5765.7,480.2,1953.3,431.4,2825.3,11606,1325.1,308.4,3792.4,3073.8,723.9,2880.1,305.8
9/1/14,1953,350.6,2576.1,1200.1,15645.4,2488,1674,440.9,752,7833.3,4171.9,33.1,5.3,5928.6,3008.3,1561.8,1397.3,1871,1994.2,619,2642.5,3462.7,4215.7,1125.8,2762.9,2836.7,460.3,996.6,1229.6,651.3,824.2,3974.1,4172.1,470.5,9146.2,5384.8,1664.7,1738.1,5824,486,1960.9,429.1,2847.5,11651.2,1342.3,311.7,3798.7,3091,735.4,2881.7,305.5
10/1/14,1959,335.1,2610,1203.1,15800.2,2500.2,1683.5,443.2,757.1,7921.5,4199.3,33.1,5.3,5961.7,3022.3,1566.1,1408.9,1878.8,2012.9,617.1,2654.2,3491.9,4245.6,1128.9,2785.7,2853.1,457.4,1002.8,1239.7,654.6,833.3,3991.1,4207.2,475.1,9274.5,5423.6,1675.5,1753.7,5869.5,486.9,1972.6,428.1,2863.5,11760,1352.7,314,3811.1,3097.7,741.3,2892.6,304.2
11/1/14,1966.3,326.3,2639.4,1208.5,15914.3,2505.2,1693,448.2,758.6,8017.5,4232.9,33.2,5.5,5971.8,3039.3,1569.9,1412.3,1892.5,2021,609.4,2664.5,3499.1,4253.9,1135,2788.4,2850.3,452.7,1002.9,1243.3,653.2,833.2,4013,4223.5,474.1,9319.3,5442.4,1683.1,1758.3,5888.3,486.8,1987.9,426,2890.5,11836.4,1358.7,313.3,3828.7,3105.8,742.3,2902.9,296.4
12/1/14,1974,324.2,2649.5,1212.1,15938.6,2527.1,1695.4,449,756.9,8060.8,4242.2,33.1,6.1,5969.9,3043.1,1565.1,1412,1899.2,2021.6,608.5,2665.9,3499.8,4251.7,1135,2787.7,2841.1,454.7,1005.7,1244.1,656.9,833.3,4024.1,4226.8,471.8,9337.9,5437.9,1687.6,1759.1,5879.2,486.7,1990,425.8,2897.3,11879.2,1364.3,317.3,3824.9,3107.1,740.3,2891,298.8
1/1/15,1932.5,321.9,2596.3,1187,15662.1,2481.4,1649.7,433.9,748.1,7943.1,4161.2,33.1,6.2,5790.1,2954.3,1525.8,1374.6,1847.8,1985.6,586.5,2583.1,3384.5,4141.4,1113.9,2726.5,2772.4,444.9,980.6,1227.8,639.2,817.9,3887,4141.4,455.6,9018.3,5273.5,1655,1725.5,5708.7,469.8,1944.8,414.6,2821,11672.4,1340.9,310.5,3758.1,3061.9,718.4,2804.8,291.6
2/1/15,1945,326.2,2621.6,1196.6,15757.7,2498.3,1647.6,434,753.9,8016.5,4187.9,33,5.5,5820.1,2970.8,1532.9,1387.3,1844.8,1991.2,585.4,2600.1,3387.8,4157.7,1123,2744.6,2783.1,448.9,985.9,1232.9,640.2,822.9,3894.6,4164.5,455.1,9089.2,5295.6,1662.9,1740.7,5736.3,468.4,1960.1,416.5,2831.4,11749.5,1350.8,311.2,3766.6,3074.2,716.4,2824.3,291.8
3/1/15,1953.7,328.4,2628.8,1198.1,15846.1,2508.7,1654.8,438.5,755.9,8068,4208.1,32.9,5.3,5853.1,2993.8,1543.1,1392.7,1854.3,1992.7,588.2,2617.8,3417.6,4173.8,1124.7,2763.3,2789.7,452.8,992.9,1241.5,643.3,824.7,3927,4183.8,453.9,9135.7,5322.2,1664.6,1750.2,5760.6,472.4,1979.2,419.9,2845.4,11771.2,1361.1,310.6,3780.1,3096.1,720.7,2838.1,292.8
4/1/15,1969.1,332.8,2639.7,1209.6,15919.4,2521.7,1676.2,443.3,759.1,8094.8,4236.1,33,5.2,5945.9,3030.1,1564.8,1402.5,1876,1998.8,598,2655,3478.6,4205.8,1134.3,2812.9,2839.2,458.6,1005.3,1252.8,648.2,829.6,3968.3,4221.2,455.5,9230.3,5403.2,1671.8,1772,5835.4,483.2,1998.3,425.6,2880.7,11820.8,1368.1,308.8,3841.4,3121.3,728.1,2877.4,293.2
5/1/15,1978.2,345.1,2630,1219.1,16000.1,2530.6,1693.3,451.2,758.7,8100.9,4261.9,33,5.1,6011.4,3057,1577.2,1410.5,1893.3,2003.2,613.6,2684.3,3523.7,4274.4,1139.2,2835.2,2877.5,464.5,1013.9,1259.3,659.1,830.6,4021.2,4260.6,460.1,9324.6,5473.8,1675.3,1786.2,5878,491.5,2016.7,433.8,2894.9,11871.5,1372.3,311.3,3861,3148.1,733.6,2905.4,298.7
6/1/15,1979.7,358,2576.7,1212.2,16038.6,2555.3,1701.4,453.7,760,8008.2,4262.3,33,5.1,6030.9,3044.3,1578.9,1405.6,1893.6,1995.8,626.5,2693.8,3553,4289.9,1129.7,2831.4,2898.2,469.2,1014.2,1256.5,664.5,820.4,4069.6,4251.4,458.7,9357,5460.6,1666.7,1797.6,5869.6,492.3,2021.1,438.9,2875.3,11910.9,1378.3,313.6,3878,3171.5,726,2927.3,303.9
7/1/15,1965.9,365,2563.4,1198.9,15980.7,2550.3,1671.2,454.5,777,7987.1,4243.1,33.1,5.1,5988.6,2992,1556.7,1384.7,1873.5,1984.4,630.4,2675.7,3537.3,4225.2,1120.7,2793.8,2874.7,468.7,1006.3,1249.9,660,816.3,4016.2,4178.6,450.7,9318.2,5445.8,1654.6,1776.4,5811.1,488,2008.6,434.1,2871.9,11841.9,1366.8,308.2,3877.6,3163.4,718.1,2911,303.5
8/1/15,1972.4,360.3,2614.7,1210,16077.5,2554.8,1665.1,451.4,761.8,8092.5,4277.9,33,5.1,5991.7,3040,1555.2,1387.1,1888.9,1988.6,629.5,2673.8,3519.4,4237.3,1131,2801.6,2878.9,469.5,1009.2,1259.3,658.7,825.7,4003.4,4246.5,448.6,9287.7,5456.6,1659.3,1781.6,5811.4,486.2,2014.7,434.9,2895.2,11860,1376.2,308.8,3877.3,3158,720,2912.9,302.7
9/1/15,1977.6,351.1,2646.5,1227.3,16142.5,2557.1,1682.8,451.4,765.9,8109.3,4282.1,33,5.3,6019.8,3067.5,1567.6,1404.8,1896.7,1990.9,624.5,2678.1,3518.4,4275.8,1140,2823.8,2875.3,468.1,1011.9,1268.8,660.9,827.9,4017.5,4271.8,453.3,9301.5,5453.5,1669.2,1794.3,5865.8,491.5,2016.7,432.4,2922.1,11885.7,1394.4,314,3888.3,3177.9,729,2915.5,302.1
10/1/15,1985.9,334.2,2686,1228.8,16330.8,2567,1696.7,452.6,774.5,8224.5,4321.7,33.1,5.3,6056.9,3078.6,1578.3,1417,1906.5,2009.9,621.2,2698.1,3553.3,4313,1145.9,2844.4,2898,468.4,1018.7,1281.4,665.3,834.7,4048.2,4309.4,454,9445.6,5494,1676.4,1813.4,5908.9,493.7,2031,432.3,2945.1,11967.2,1406.2,316.1,3915.3,3183.9,734,2929.5,299.6
11/1/15,1993.7,324.2,2715.1,1233.9,16424.5,2575.5,1704.5,457.4,775.9,8321.4,4344.8,33.2,5.5,6057,3092.8,1580.8,1418.9,1924.1,2010.3,614,2706.2,3557.5,4316.1,1150.1,2849.7,2894.5,464.7,1018.9,1287.5,665.5,835.2,4071,4325,450.6,9488.5,5505.3,1680.3,1817,5924.9,493.9,2042.7,430.9,2967,12010.5,1410.9,314.6,3934.2,3191.4,735.2,2928.4,291.2
12/1/15,2000.1,321.4,2718.1,1237.1,16448.2,2591.6,1703.9,457,776.9,8362.8,4356.9,33.4,6.2,6051.8,3096.4,1575.5,1418.1,1928.4,2005.1,613,2709.2,3556.8,4307.5,1152.1,2848.6,2882.8,465.8,1020.4,1288.8,668.9,831.5,4077,4330.2,445.7,9498.2,5498.7,1678.8,1817.3,5913.8,493.1,2046.4,430.5,2973.9,12031,1416.1,318.5,3930.3,3189.2,733.8,2929,291.5
1/1/16,1962.9,317.7,2663.7,1210.5,16150.5,2543.2,1654.9,441.1,762.2,8238.8,4278.1,33,6.4,5880.1,3007.9,1535.1,1381.9,1873.6,1968,593.5,2624.5,3450,4214.6,1133.5,2777.7,2818.8,452.5,992.5,1263.9,652.4,818.4,3941.8,4239.9,428.2,9176.5,5346.9,1642.4,1782.5,5754.5,475,1997.4,418.5,2897.9,11830.9,1388.2,310.3,3836.1,3153.7,708.3,2847.9,283.1
2/1/16,1974.7,322.1,2693.1,1220.2,16261.9,2558.4,1658,441.4,770.7,8315.1,4302.6,32.8,5.5,5901.9,3031,1543.6,1392.4,1876.7,1971.6,595.2,2635.9,3468.7,4232.9,1143.3,2793.9,2828.1,455.7,996.1,1271.2,656.7,826.4,3955.5,4265.1,428.4,9256.7,5369.1,1652.2,1801.7,5785.4,478,2015,420.4,2914.4,11908.6,1399.9,312.4,3851.1,3172.6,706,2868.6,282.4
3/1/16,1984.8,323.7,2701.8,1227.9,16284.2,2570,1668.5,445.9,773.2,8360.9,4315.7,32.8,5.4,5933.5,3052.1,1554.9,1397.9,1888,1976.3,597.6,2661.4,3494.6,4249.9,1146,2817.7,2832.2,459.2,1006,1279.9,656.5,825.5,3992.5,4297.4,427.6,9317.1,5401.5,1654.1,1811.5,5828.1,481.8,2033.4,423.3,2938,11923.4,1410,310.9,3876.6,3190.8,714.5,2878.4,283.2
4/1/16,2001.5,330,2717.4,1235.9,16431,2587,1681.6,451,779.1,8397.5,4361.3,32.9,5.3,6010.1,3078.8,1578.9,1413.5,1907.2,1984,606.7,2695.5,3551.7,4300.2,1150.7,2862.5,2880.3,465.1,1015.8,1292.5,662.6,832.4,4035.1,4338.5,433.2,9421.1,5479.3,1660.7,1827.9,5894.2,488.9,2057,429.5,2963,11987.2,1420.3,309,3917.8,3223.9,719.7,2921.9,282.7
5/1/16,2003.7,340.2,2704,1239,16481.6,2582.2,1696.3,454.5,774.9,8386.6,4373.8,32.9,5.1,6040.8,3093.3,1585,1413.4,1917.8,1985.7,619.7,2708.7,3579.4,4341.7,1149.4,2870.2,2909.3,471.2,1024.4,1296.3,669.2,832.9,4071.1,4362,438.3,9446.7,5522.2,1658.9,1837.9,5913,493.8,2068.2,437.1,2963,12018.9,1421,311.7,3918.3,3249.6,729.4,2936.9,288.1
6/1/16,2003.9,351.8,2647.4,1231.8,16468.8,2614.4,1700.8,457.4,774.9,8274,4369.9,33.2,5,6062,3071.6,1582.4,1403.4,1913.2,1975.1,634,2715.2,3607.6,4364.5,1138.3,2873,2921.4,476.4,1023,1295.6,674.8,821.1,4130.1,4353.2,437.6,9493.2,5504.1,1646.9,1846.9,5892.1,496.4,2068.8,442.2,2944.6,12028.3,1426.5,314.1,3939.5,3265.8,712.7,2955.6,293.6
7/1/16,1991.6,358.1,2642,1218.2,16394,2615.5,1679.7,459,787.8,8275.1,4353,33.3,5,6027.1,3038.8,1565.9,1387,1903.9,1961.6,638.2,2702.5,3608.1,4308.8,1133.5,2831,2915.1,474,1015.7,1299.2,672.1,817.3,4082.2,4284.5,434.6,9458.7,5496.5,1635.2,1825.3,5861,492.1,2058.8,438.6,2940.3,11974.6,1418.2,310.7,3916,3261.1,706.6,2946.7,291.6
8/1/16,1998,354,2690.6,1227,16469.2,2622,1672.3,456.1,773.4,8371.3,4386.7,33.2,5.1,6031.9,3081,1567.7,1388.6,1914.1,1956.3,636.7,2703.6,3592.7,4315.3,1143.3,2844.8,2924.1,475.2,1016,1303.2,672.2,826.7,4065.8,4346.7,434.1,9429.2,5501.9,1644.6,1833,5854.5,490.9,2063.3,439.5,2967.9,11996,1426.2,310.9,3919.9,3255.8,709.1,2952.2,290.6
9/1/16,2007,342.5,2730.4,1245.3,16552.9,2627.5,1689.5,455.2,778.7,8408.6,4398.8,33.2,5.1,6063.6,3115.9,1581.7,1410.8,1921.3,1974.1,631,2714.7,3598.1,4364.4,1152.5,2870.2,2923.4,474.6,1022.5,1316.3,675.6,832.2,4087.5,4372.3,439.9,9451.5,5514.4,1657.5,1847,5927.5,494.4,2068.3,436.9,2997.9,12044.7,1446.6,315.8,3930.7,3281.9,719.8,2945.6,289.1
10/1/16,2005.7,328.1,2754.7,1245.3,16694.3,2624.6,1696.4,455.5,783.7,8467.8,4418.6,33.4,5.1,6090.1,3112.8,1588,1420,1923,1981.7,627.7,2722.3,3607,4379.7,1153.2,2882.4,2933.8,471.6,1024.9,1319.8,675.4,832.4,4102.4,4389.7,439.9,9557.9,5541.2,1658.8,1861.4,5955.8,496.2,2063,435.7,3003.2,12100.2,1452.3,317.2,3945.6,3279.7,722,2953.9,285.8
11/1/16,2013.5,318,2778.5,1247.7,16787,2631.1,1704.3,458.5,784.9,8567.4,4453.2,33.6,5.3,6102.7,3126.3,1588.3,1422,1934.5,1985.7,622.1,2737.8,3613.5,4394.4,1158.1,2881.3,2928.1,469.2,1023.8,1325.7,675.4,832.9,4125.6,4416.4,437.4,9599.8,5560.3,1664.9,1867.9,5972.2,495.5,2084.5,434.6,3025.2,12168,1455.1,315.7,3965.9,3291,733.6,2963.8,279.7
12/1/16,2016.2,316,2782.5,1247.5,16793.1,2645.2,1704.3,458.6,781.9,8596,4456.4,33.8,6,6084.4,3118.6,1578.6,1417.8,1937,1978,619.5,2739.2,3610,4370,1153.6,2873.8,2912.6,468.6,1020.3,1323.6,678.2,833.6,4135.6,4409.4,432.1,9611.6,5534.9,1665.2,1860.5,5956.3,493.5,2085.5,432.5,3028.4,12181,1455.8,319.8,3956.2,3287.3,721.3,2945.3,280.4
1/1/17,1984.4,310.5,2731.3,1224.5,16462.5,2590.8,1661.5,446.7,771.3,8488.1,4368.1,33.5,6.1,5912.3,3045.7,1536.4,1379.8,1886.6,1952.4,601.6,2659.7,3506.8,4281.8,1137.6,2812.6,2868.4,457.5,998.2,1306.9,661.5,818.4,4007.3,4320,421.4,9306,5404.7,1624.6,1815,5810.4,477.4,2046.4,421.4,2947.2,11994.6,1432.1,312.1,3875.3,3234.6,702.6,2870.3,274.1
2/1/17,1999,317.2,2758.8,1235.6,16582.4,2612.5,1662.1,446.7,777.9,8550.5,4393.8,33.5,5.4,5938.7,3063.1,1547.5,1395.2,1893.6,1969.8,600.8,2679.2,3520.4,4297.2,1147.1,2836.1,2874.6,459.6,1004.2,1314.8,662.8,824.6,4021.9,4355.7,423,9395.3,5427.1,1639,1842.6,5849,481.2,2063.9,422.8,2973.5,12088,1442.2,312,3902.3,3251.5,704.2,2890.5,275.1
3/1/17,2010.7,318.2,2769.4,1243.1,16671.5,2630.8,1667.5,450,783.1,8590.8,4420.4,33.3,5.2,5982.1,3084.8,1554.9,1400.8,1905.5,1972.5,604.7,2696,3540.3,4317.4,1150.6,2852.9,2882.4,463.4,1010.7,1329.5,664.6,827.8,4044.5,4376.7,424.1,9431.8,5455.4,1650.7,1853.8,5871.1,482.9,2080.3,425.7,2987.2,12148.5,1454,312.7,3919.4,3277,710.6,2903,277
4/1/17,2016.5,321.9,2782.4,1251.2,16744,2641.6,1683.2,454.1,783,8593.6,4437.4,33.3,5.1,6035,3110.7,1578.1,1403.1,1918.7,1975.7,611.3,2717.4,3595.1,4345.8,1154.9,2884.9,2914.3,469.5,1019.3,1328.9,669.7,834.4,4079.6,4395.4,430.1,9499.1,5515.1,1660.5,1871.6,5938.4,491.5,2093.3,431.8,3008.7,12183.2,1459.9,310.9,3950.1,3300,713.5,2936.6,277.8
5/1/17,2023,335.3,2769.2,1254.5,16838.1,2647.2,1698.3,457.4,781.9,8594.4,4451.1,33.2,5.1,6086.8,3133.9,1585.8,1407.2,1927.4,1983.4,624.1,2739.9,3627,4400.2,1153.9,2896.2,2944.7,476.4,1026.4,1341,677.2,834.4,4136.6,4427.1,435.6,9583.1,5562.9,1666.2,1882.5,5975.8,497.9,2106.7,439.3,3010.8,12240.8,1462.3,312.1,3961.4,3330.8,718.4,2962.9,285.5
6/1/17,2028.1,349.7,2726.9,1248.7,16883.5,2678.4,1709,462.4,783.8,8492.8,4458.3,33.3,5,6125.3,3125.1,1589.5,1400.8,1931.2,1975.3,641.2,2753.6,3672.8,4427.5,1147.7,2903.6,2976.3,482.3,1027.9,1340.2,685.5,829.9,4205.7,4426.8,436,9639,5564.7,1666.2,1896.9,5957.9,501.3,2113.2,444.2,2994.5,12287.5,1468.4,318.7,3988.6,3355.7,715.8,2987.4,292.1
7/1/17,2011.3,353.6,2703.8,1232,16730.3,2672.2,1681.9,461.5,794,8455.3,4429.8,33.3,5,6072.3,3070.2,1565.8,1385.3,1907,1954.3,642.4,2732.5,3647.9,4341.6,1136.9,2853.5,2951.3,479.1,1016.3,1337.3,680.6,822.8,4131.6,4358.2,430.2,9573.3,5532.4,1651.4,1871.6,5913.9,495.9,2097.4,437.8,2984,12172.8,1454.2,311.9,3961.6,3341.3,709.7,2968.9,290.5
8/1/17,2019.5,351.2,2758.3,1241.3,16816.7,2679.5,1676.4,458.9,780.3,8549.7,4469.7,33.2,5.1,6088.3,3113.4,1568,1388.8,1914.8,1962.2,640.9,2729.8,3634,4363.9,1148.3,2863.5,2953.3,480,1018.6,1342.3,680.4,831.6,4118,4422.9,429.6,9551.1,5546.2,1660.7,1876.2,5914.8,496.4,2096.8,440.1,3008.2,12199.7,1465,314,3958,3331.6,712.5,2965.2,291.1
9/1/17,2024.5,340.5,2794.6,1259.3,16902.7,2681,1692.5,459.3,785.2,8390.3,4457,33.3,5.1,6109.8,3142.7,1580.1,1410.3,1929.8,1968.9,636.8,2733.8,3635.5,4400.6,1156.1,2888.2,2952.7,478.1,1020.5,1354.7,680.2,836.3,4133.9,4433.4,435.3,9570.7,5543.8,1676.9,1886.8,5985.4,498,2091.1,437.9,3035.4,12226.5,1485,316.9,3966.4,3351.2,721.9,2964.4,290.6
10/1/17,2030.6,325.2,2823.3,1262,17054.4,2686.4,1698.5,458,791.4,8638.6,4501.4,33.4,5.1,6126.8,3146.4,1588.5,1420.1,1935.8,1981.7,632.2,2746.8,3651,4417.9,1157.9,2896.1,2964.4,476.3,1026.4,1362.5,681.3,838.2,4156.7,4464.5,436.7,9688.1,5582.7,1679.4,1899.6,6014.5,499.2,2105.3,438,3044.3,12335,1495.3,318.5,3985.5,3354.1,726.4,2974.6,286.4
11/1/17,2039.2,314.7,2852,1266.6,17164.8,2692.7,1708.8,462,791.8,8747.4,4531.4,33.6,5.3,6146.3,3159.2,1591.9,1426.7,1953.4,1989.2,626.4,2760.7,3655.5,4427,1166,2902,2960,472.4,1028.4,1368.4,680,840.3,4180.4,4481.9,434.7,9736.6,5596.9,1685.6,1905.3,6037.7,499.7,2122.2,436.2,3071.7,12420.8,1503.1,317.7,4002.8,3363.8,727.2,2978,280.7
12/1/17,2037,312.1,2857,1265.8,17189.4,2711.7,1708.7,462,790.2,8778,4528.7,33.7,6,6137.5,3160.2,1586.5,1425.1,1949.2,1984.8,626.6,2752.6,3653.5,4407.9,1161.7,2899.2,2946.7,473.5,1028.6,1369.1,684.2,840.7,4190.3,4474.6,432.9,9746.8,5577.5,1688.6,1902.1,6026.2,498.8,2121.2,435.6,3070,12434.9,1507.2,322,3997.8,3362.1,723.3,2973.4,282
1/1/18,2001.9,308,2807.5,1242.8,16880.7,2661.1,1658.7,448.8,779.9,8655.1,4444.2,33.3,6.1,5962.6,3078.9,1547.8,1388.1,1892.2,1953,607,2679.6,3545.7,4319.2,1138.4,2826.8,2899,463.1,1002.5,1345.9,667.5,828.6,4047.7,4395,422.3,9409,5434.3,1656.1,1871.3,5873.3,478.9,2101.8,425,2988.3,12222.4,1479,310.9,3925.2,3325.6,705.7,2900.6,276.1