,State,Year,Confortability Income Threshold,Poverty Income Threshold,Rent Per State,,Unemployment Rate,Latitude,Longitude
0,Alabama,12/31/2020,55066,25884,1169,,2.92,32.806671,-86.79113
1,Alaska,12/31/2020,59327,25885,736,,6.18,61.370716,-152.404419
2,Arizona,12/31/2020,51866,25885,691,,4.51,33.729759,-111.431221
3,Arkansas,12/31/2020,46681,25889,954,,3.29,34.969704,-92.373123
4,California,12/31/2020,48480,25884,1378,,3.65,36.116203,-119.681564
5,Colorado,12/31/2020,61564,25883,1146,,2.74,39.059811,-105.311104
6,Connecticut,12/31/2020,56972,25887,1107,,3.37,41.597782,-72.755371
7,Delaware,12/31/2020,57128,25889,1044,,3.13,39.318523,-75.507141
8,Florida,12/31/2020,50052,25885,1064,,2.90,27.766279,-81.686783
9,Georgia,12/31/2020,49881,25885,903,,3.21,33.040619,-83.643074
10,Hawaii,12/31/2020,56346,25887,1559,,2.46,21.094318,-157.498337
11,Idaho,12/31/2020,37519,25888,742,,2.54,44.240459,-114.478828
12,Illinois,12/31/2020,61182,25886,756,,3.71,40.349457,-88.986137
13,Indiana,12/31/2020,47271,25883,933,,3.02,39.849426,-86.258278
14,Iowa,12/31/2020,61649,25882,760,,2.25,42.011539,-93.210526
15,Kansas,12/31/2020,58518,25884,769,,3.07,38.5266,-96.726486
16,Kentucky,12/31/2020,41103,25887,707,,3.83,37.66814,-84.670067
17,Louisiana,12/31/2020,44400,25892,810,,4.29,31.169546,-91.867805
18,Maine,12/31/2020,32154,25889,832,,2.81,44.693947,-69.381927
19,Maryland,12/31/2020,59024,25888,1297,,3.43,39.063946,-76.802101
20,Massachusetts,12/31/2020,38464,25890,1260,,2.63,42.230171,-71.530106
21,Michigan,12/31/2020,48501,25889,806,,3.64,43.326618,-84.536095
22,Minnesota,12/31/2020,45197,25884,917,,2.95,45.694454,-93.900192
23,Mississippi,12/31/2020,34877,25882,749,,4.79,32.741646,-89.678696
24,Missouri,12/31/2020,47502,25888,765,,2.85,38.456085,-92.288368
25,Montana,12/31/2020,42195,25887,750,,3.23,46.921925,-110.454353
26,Nebraska,12/31/2020,52871,25887,764,,2.85,41.12537,-98.268082
27,Nevada,12/31/2020,63676,25887,980,,3.58,38.313515,-117.055374
28,New Hampshire,12/31/2020,59057,25889,1071,,2.25,43.452492,-71.563896
29,New Jersey,12/31/2020,55936,25885,1256,,3.23,40.298904,-74.521011
30,New Mexico,12/31/2020,47348,25886,790,,4.69,34.840515,-106.248482
31,New York,12/31/2020,46479,25883,1232,,3.63,42.165726,-74.948051
32,North Carolina,12/31/2020,47694,25888,836,,3.59,35.630066,-79.806419
33,North Dakota,12/31/2020,49330,25887,752,,2.28,47.528912,-99.784012
34,Ohio,12/31/2020,52644,25887,742,,3.84,40.388783,-82.764915
35,Oklahoma,12/31/2020,54333,25889,744,,3.01,35.565342,-96.928917
36,Oregon,12/31/2020,48719,25888,976,,3.70,44.572021,-122.070938
37,Pennsylvania,12/31/2020,44495,25886,909,,3.70,40.590752,-77.209755
38,Rhode Island,12/31/2020,36688,25884,1001,,3.23,41.680893,-71.51178
39,South Carolina,12/31/2020,39900,25885,834,,2.67,33.856892,-80.945007
40,South Dakota,12/31/2020,57989,25887,672,,2.77,44.299782,-99.438828
41,Tennessee,12/31/2020,45845,25886,791,,2.97,35.747845,-86.692345
42,Texas,12/31/2020,50790,25885,930,,3.24,31.054487,-97.563461
43,Utah,12/31/2020,67827,25886,916,,2.47,40.150032,-111.862434
44,Vermont,12/31/2020,36744,25885,985,,1.99,44.045876,-72.710686
45,Virginia,12/31/2020,61336,25888,1136,,2.53,37.769337,-78.169968
46,Washington,12/31/2020,51440,25885,1112,,4.18,47.400902,-121.490494
47,West Virginia,12/31/2020,37675,25890,691,,4.59,38.491226,-80.954453
48,Wisconsin,12/31/2020,54780,25884,788,,2.72,44.268543,-89.616508
49,Wyoming,12/31/2020,52537,25889,808,,3.50,42.755966,-107.30249
50,Alabama,12/31/2021,53654,25408,1139,,2.56,32.806671,-86.79113
51,Alaska,12/31/2021,58463,25409,725,,6.05,61.370716,-152.404419
52,Arizona,12/31/2021,50475,25408,673,,4.15,33.729759,-111.431221
53,Arkansas,12/31/2021,45824,25417,936,,3.01,34.969704,-92.373123
54,California,12/31/2021,49250,25406,1399,,3.24,36.116203,-119.681564
55,Colorado,12/31/2021,62881,25406,1168,,2.48,39.059811,-105.311104
56,Connecticut,12/31/2021,56249,25412,1092,,3.06,41.597782,-72.755371
57,Delaware,12/31/2021,55452,25417,1013,,2.84,39.318523,-75.507141
58,Florida,12/31/2021,49457,25409,1051,,2.53,27.766279,-81.686783
59,Georgia,12/31/2021,48592,25409,880,,2.84,33.040619,-83.643074
60,Hawaii,12/31/2021,58067,25414,1613,,2.22,21.094318,-157.498337
61,Idaho,12/31/2021,37588,25415,743,,2.25,44.240459,-114.478828
62,Illinois,12/31/2021,59028,25410,730,,3.33,40.349457,-88.986137
63,Indiana,12/31/2021,46305,25405,914,,2.68,39.849426,-86.258278
64,Iowa,12/31/2021,59197,25402,730,,2.04,42.011539,-93.210526
65,Kansas,12/31/2021,56138,25407,739,,2.84,38.5266,-96.726486
66,Kentucky,12/31/2021,40761,25414,700,,3.49,37.66814,-84.670067
67,Louisiana,12/31/2021,43581,25423,796,,4.04,31.169546,-91.867805
68,Maine,12/31/2021,33096,25417,857,,2.53,44.693947,-69.381927
69,Maryland,12/31/2021,58375,25414,1283,,3.16,39.063946,-76.802101
70,Massachusetts,12/31/2021,41189,25419,1354,,2.36,42.230171,-71.530106
71,Michigan,12/31/2021,47466,25417,789,,3.24,43.326618,-84.536095
72,Minnesota,12/31/2021,45729,25408,927,,2.69,45.694454,-93.900192
73,Mississippi,12/31/2021,35312,25402,758,,4.45,32.741646,-89.678696
74,Missouri,12/31/2021,46328,25415,747,,2.53,38.456085,-92.288368
75,Montana,12/31/2021,42095,25413,748,,2.97,46.921925,-110.454353
76,Nebraska,12/31/2021,52201,25413,755,,2.72,41.12537,-98.268082
77,Nevada,12/31/2021,61355,25413,944,,3.13,38.313515,-117.055374
78,New Hampshire,12/31/2021,60167,25416,1090,,2.04,43.452492,-71.563896
79,New Jersey,12/31/2021,56211,25409,1262,,2.91,40.298904,-74.521011
80,New Mexico,12/31/2021,46137,25411,772,,4.46,34.840515,-106.248482
81,New York,12/31/2021,47889,25405,1270,,3.33,42.165726,-74.948051
82,North Carolina,12/31/2021,47243,25414,828,,3.22,35.630066,-79.806419
83,North Dakota,12/31/2021,47889,25413,729,,2.18,47.528912,-99.784012
84,Ohio,12/31/2021,51185,25414,721,,3.48,40.388783,-82.764915
85,Oklahoma,12/31/2021,52750,25417,722,,2.77,35.565342,-96.928917
86,Oregon,12/31/2021,48140,25415,965,,3.34,44.572021,-122.070938
87,Pennsylvania,12/31/2021,45761,25411,935,,3.40,40.590752,-77.209755
88,Rhode Island,12/31/2021,38227,25407,1046,,2.86,41.680893,-71.51178
89,South Carolina,12/31/2021,39830,25409,833,,2.32,33.856892,-80.945007
90,South Dakota,12/31/2021,55858,25413,648,,2.61,44.299782,-99.438828
91,Tennessee,12/31/2021,44868,25410,775,,2.64,35.747845,-86.692345
92,Texas,12/31/2021,49626,25409,908,,2.96,31.054487,-97.563461
93,Utah,12/31/2021,65620,25411,886,,2.20,40.150032,-111.862434
94,Vermont,12/31/2021,38289,25408,1027,,1.78,44.045876,-72.710686
95,Virginia,12/31/2021,59757,25414,1107,,2.29,37.769337,-78.169968
96,Washington,12/31/2021,51102,25408,1104,,3.85,47.400902,-121.490494
97,West Virginia,12/31/2021,38224,25418,701,,4.32,38.491226,-80.954453
98,Wisconsin,12/31/2021,53143,25408,764,,2.43,44.268543,-89.616508
99,Wyoming,12/31/2021,51374,25416,789,,3.30,42.755966,-107.30249
100,Alabama,12/31/2022,52278,24940,1110,,2.25,32.806671,-86.79113
101,Alaska,12/31/2022,57612,24941,715,,5.91,61.370716,-152.404419
102,Arizona,12/31/2022,49122,24941,655,,3.82,33.729759,-111.431221
103,Arkansas,12/31/2022,44982,24953,918,,2.77,34.969704,-92.373123
104,California,12/31/2022,50032,24938,1419,,2.87,36.116203,-119.681564
105,Colorado,12/31/2022,64227,24937,1190,,2.23,39.059811,-105.311104
106,Connecticut,12/31/2022,55535,24946,1076,,2.77,41.597782,-72.755371
107,Delaware,12/31/2022,53825,24953,982,,2.57,39.318523,-75.507141
108,Florida,12/31/2022,48869,24941,1039,,2.21,27.766279,-81.686783
109,Georgia,12/31/2022,47336,24942,857,,2.52,33.040619,-83.643074
110,Hawaii,12/31/2022,59840,24949,1668,,2.01,21.094318,-157.498337
111,Idaho,12/31/2022,37657,24951,745,,2.00,44.240459,-114.478828
112,Illinois,12/31/2022,56950,24944,705,,3.00,40.349457,-88.986137
113,Indiana,12/31/2022,45359,24935,895,,2.37,39.849426,-86.258278
114,Iowa,12/31/2022,56842,24932,701,,1.85,42.011539,-93.210526
115,Kansas,12/31/2022,53854,24939,710,,2.63,38.5266,-96.726486
116,Kentucky,12/31/2022,40422,24948,694,,3.18,37.66814,-84.670067
117,Louisiana,12/31/2022,42777,24962,782,,3.80,31.169546,-91.867805
118,Maine,12/31/2022,34065,24953,882,,2.27,44.693947,-69.381927
119,Maryland,12/31/2022,57734,24949,1269,,2.91,39.063946,-76.802101
120,Massachusetts,12/31/2022,44107,24956,1455,,2.11,42.230171,-71.530106
121,Michigan,12/31/2022,46453,24954,772,,2.88,43.326618,-84.536095
122,Minnesota,12/31/2022,46268,24940,938,,2.45,45.694454,-93.900192
123,Mississippi,12/31/2022,35753,24932,767,,4.14,32.741646,-89.678696
124,Missouri,12/31/2022,45182,24951,728,,2.24,38.456085,-92.288368
125,Montana,12/31/2022,41994,24948,747,,2.72,46.921925,-110.454353
126,Nebraska,12/31/2022,51539,24948,746,,2.60,41.12537,-98.268082
127,Nevada,12/31/2022,59119,24948,910,,2.73,38.313515,-117.055374
128,New Hampshire,12/31/2022,61297,24952,1109,,1.85,43.452492,-71.563896
129,New Jersey,12/31/2022,56487,24941,1269,,2.62,40.298904,-74.521011
130,New Mexico,12/31/2022,44957,24944,755,,4.24,34.840515,-106.248482
131,New York,12/31/2022,49341,24936,1311,,3.05,42.165726,-74.948051
132,North Carolina,12/31/2022,46796,24949,820,,2.89,35.630066,-79.806419
133,North Dakota,12/31/2022,46491,24948,707,,2.07,47.528912,-99.784012
134,Ohio,12/31/2022,49766,24948,700,,3.16,40.388783,-82.764915
135,Oklahoma,12/31/2022,51212,24954,701,,2.55,35.565342,-96.928917
136,Oregon,12/31/2022,47567,24951,954,,3.01,44.572021,-122.070938
137,Pennsylvania,12/31/2022,47062,24945,960,,3.13,40.590752,-77.209755
138,Rhode Island,12/31/2022,39830,24939,1094,,2.52,41.680893,-71.51178
139,South Carolina,12/31/2022,39761,24942,831,,2.02,33.856892,-80.945007
140,South Dakota,12/31/2022,53806,24947,625,,2.46,44.299782,-99.438828
141,Tennessee,12/31/2022,43912,24943,759,,2.35,35.747845,-86.692345
142,Texas,12/31/2022,48488,24942,887,,2.71,31.054487,-97.563461
143,Utah,12/31/2022,63484,24944,856,,1.96,40.150032,-111.862434
144,Vermont,12/31/2022,39899,24940,1070,,1.59,44.045876,-72.710686
145,Virginia,12/31/2022,58219,24949,1079,,2.06,37.769337,-78.169968
146,Washington,12/31/2022,50766,24940,1097,,3.54,47.400902,-121.490494
147,West Virginia,12/31/2022,38780,24956,711,,4.06,38.491226,-80.954453
148,Wisconsin,12/31/2022,51555,24940,741,,2.16,44.268543,-89.616508
149,Wyoming,12/31/2022,50237,24952,770,,3.11,42.755966,-107.30249
150,Alabama,12/31/2023,50937,24480,1081,,1.98,32.806671,-86.79113
151,Alaska,12/31/2023,56774,24483,704,,5.79,61.370716,-152.404419
152,Arizona,12/31/2023,47805,24482,638,,3.52,33.729759,-111.431221
153,Arkansas,12/31/2023,44156,24498,901,,2.54,34.969704,-92.373123
154,California,12/31/2023,50827,24478,1440,,2.55,36.116203,-119.681564
155,Colorado,12/31/2023,65600,24477,1213,,2.02,39.059811,-105.311104
156,Connecticut,12/31/2023,54830,24489,1061,,2.51,41.597782,-72.755371
157,Delaware,12/31/2023,52245,24498,953,,2.33,39.318523,-75.507141
158,Florida,12/31/2023,48288,24482,1027,,1.93,27.766279,-81.686783
159,Georgia,12/31/2023,46112,24484,835,,2.23,33.040619,-83.643074
160,Hawaii,12/31/2023,61667,24492,1726,,1.81,21.094318,-157.498337
161,Idaho,12/31/2023,37726,24495,746,,1.77,44.240459,-114.478828
162,Illinois,12/31/2023,54945,24486,681,,2.69,40.349457,-88.986137
163,Indiana,12/31/2023,44432,24474,877,,2.10,39.849426,-86.258278
164,Iowa,12/31/2023,54581,24470,673,,1.67,42.011539,-93.210526
165,Kansas,12/31/2023,51663,24480,682,,2.43,38.5266,-96.726486
166,Kentucky,12/31/2023,40086,24492,688,,2.89,37.66814,-84.670067
167,Louisiana,12/31/2023,41988,24509,768,,3.58,31.169546,-91.867805
168,Maine,12/31/2023,35063,24498,908,,2.05,44.693947,-69.381927
169,Maryland,12/31/2023,57099,24493,1255,,2.68,39.063946,-76.802101
170,Massachusetts,12/31/2023,47231,24502,1563,,1.89,42.230171,-71.530106
171,Michigan,12/31/2023,45461,24499,756,,2.56,43.326618,-84.536095
172,Minnesota,12/31/2023,46814,24480,949,,2.23,45.694454,-93.900192
173,Mississippi,12/31/2023,36199,24470,777,,3.85,32.741646,-89.678696
174,Missouri,12/31/2023,44065,24495,711,,1.99,38.456085,-92.288368
175,Montana,12/31/2023,41894,24491,745,,2.50,46.921925,-110.454353
176,Nebraska,12/31/2023,50886,24492,737,,2.48,41.12537,-98.268082
177,Nevada,12/31/2023,56965,24491,877,,2.39,38.313515,-117.055374
178,New Hampshire,12/31/2023,62449,24496,1129,,1.68,43.452492,-71.563896
179,New Jersey,12/31/2023,56764,24483,1276,,2.36,40.298904,-74.521011
180,New Mexico,12/31/2023,43807,24486,737,,4.03,34.840515,-106.248482
181,New York,12/31/2023,50837,24476,1352,,2.80,42.165726,-74.948051
182,North Carolina,12/31/2023,46353,24492,812,,2.60,35.630066,-79.806419
183,North Dakota,12/31/2023,45133,24492,686,,1.97,47.528912,-99.784012
184,Ohio,12/31/2023,48386,24492,680,,2.86,40.388783,-82.764915
185,Oklahoma,12/31/2023,49719,24499,680,,2.35,35.565342,-96.928917
186,Oregon,12/31/2023,47002,24495,943,,2.71,44.572021,-122.070938
187,Pennsylvania,12/31/2023,48401,24488,987,,2.88,40.590752,-77.209755
188,Rhode Island,12/31/2023,41501,24480,1144,,2.23,41.680893,-71.51178
189,South Carolina,12/31/2023,39691,24484,830,,1.76,33.856892,-80.945007
190,South Dakota,12/31/2023,51829,24490,604,,2.31,44.299782,-99.438828
191,Tennessee,12/31/2023,42976,24485,743,,2.09,35.747845,-86.692345
192,Texas,12/31/2023,47377,24484,867,,2.48,31.054487,-97.563461
193,Utah,12/31/2023,61419,24486,827,,1.75,40.150032,-111.862434
194,Vermont,12/31/2023,41577,24481,1116,,1.42,44.045876,-72.710686
195,Virginia,12/31/2023,56720,24493,1052,,1.86,37.769337,-78.169968
196,Washington,12/31/2023,50433,24481,1089,,3.26,47.400902,-121.490494
197,West Virginia,12/31/2023,39345,24501,722,,3.82,38.491226,-80.954453
198,Wisconsin,12/31/2023,50014,24480,718,,1.93,44.268543,-89.616508
199,Wyoming,12/31/2023,49125,24497,752,,2.93,42.755966,-107.30249
200,Alabama,12/31/2024,49631,24030,1054,,1.74,32.806671,-86.79113
201,Alaska,12/31/2024,55947,24032,694,,5.66,61.370716,-152.404419
202,Arizona,12/31/2024,46523,24031,622,,3.24,33.729759,-111.431221
203,Arkansas,12/31/2024,43345,24051,884,,2.33,34.969704,-92.373123
204,California,12/31/2024,51634,24026,1462,,2.26,36.116203,-119.681564
205,Colorado,12/31/2024,67004,24025,1236,,1.82,39.059811,-105.311104
206,Connecticut,12/31/2024,54135,24040,1046,,2.28,41.597782,-72.755371
207,Delaware,12/31/2024,50712,24051,924,,2.11,39.318523,-75.507141
208,Florida,12/31/2024,47713,24032,1014,,1.68,27.766279,-81.686783
209,Georgia,12/31/2024,44920,24034,813,,1.98,33.040619,-83.643074
210,Hawaii,12/31/2024,63550,24044,1785,,1.64,21.094318,-157.498337
211,Idaho,12/31/2024,37794,24047,748,,1.57,44.240459,-114.478828
212,Illinois,12/31/2024,53011,24036,658,,2.42,40.349457,-88.986137
213,Indiana,12/31/2024,43524,24022,859,,1.87,39.849426,-86.258278
214,Iowa,12/31/2024,52409,24017,646,,1.52,42.011539,-93.210526
215,Kansas,12/31/2024,49561,24029,655,,2.25,38.5266,-96.726486
216,Kentucky,12/31/2024,39753,24044,682,,2.64,37.66814,-84.670067
217,Louisiana,12/31/2024,41214,24065,755,,3.37,31.169546,-91.867805
218,Maine,12/31/2024,36090,24051,935,,1.84,44.693947,-69.381927
219,Maryland,12/31/2024,56472,24045,1242,,2.47,39.063946,-76.802101
220,Massachusetts,12/31/2024,50576,24056,1680,,1.69,42.230171,-71.530106
221,Michigan,12/31/2024,44491,24052,740,,2.27,43.326618,-84.536095
222,Minnesota,12/31/2024,47366,24030,961,,2.03,45.694454,-93.900192
223,Mississippi,12/31/2024,36651,24017,786,,3.58,32.741646,-89.678696
224,Missouri,12/31/2024,42976,24047,694,,1.76,38.456085,-92.288368
225,Montana,12/31/2024,41794,24042,744,,2.29,46.921925,-110.454353
226,Nebraska,12/31/2024,50242,24043,728,,2.36,41.12537,-98.268082
227,Nevada,12/31/2024,54889,24043,845,,2.09,38.313515,-117.055374
228,New Hampshire,12/31/2024,63622,24049,1149,,1.53,43.452492,-71.563896
229,New Jersey,12/31/2024,57043,24032,1283,,2.13,40.298904,-74.521011
230,New Mexico,12/31/2024,42687,24036,721,,3.84,34.840515,-106.248482
231,New York,12/31/2024,52379,24024,1394,,2.57,42.165726,-74.948051
232,North Carolina,12/31/2024,45915,24044,804,,2.33,35.630066,-79.806419
233,North Dakota,12/31/2024,43815,24043,665,,1.88,47.528912,-99.784012
234,Ohio,12/31/2024,47045,24044,661,,2.60,40.388783,-82.764915
235,Oklahoma,12/31/2024,48269,24052,660,,2.16,35.565342,-96.928917
236,Oregon,12/31/2024,46443,24048,932,,2.44,44.572021,-122.070938
237,Pennsylvania,12/31/2024,49777,24038,1014,,2.64,40.590752,-77.209755
238,Rhode Island,12/31/2024,43242,24029,1196,,1.97,41.680893,-71.51178
239,South Carolina,12/31/2024,39622,24034,828,,1.53,33.856892,-80.945007
240,South Dakota,12/31/2024,49924,24041,582,,2.18,44.299782,-99.438828
241,Tennessee,12/31/2024,42061,24035,728,,1.86,35.747845,-86.692345
242,Texas,12/31/2024,46291,24034,847,,2.27,31.054487,-97.563461
243,Utah,12/31/2024,59420,24036,799,,1.56,40.150032,-111.862434
244,Vermont,12/31/2024,43325,24031,1163,,1.26,44.045876,-72.710686
245,Virginia,12/31/2024,55259,24045,1025,,1.68,37.769337,-78.169968
246,Washington,12/31/2024,50102,24031,1082,,3.00,47.400902,-121.490494
247,West Virginia,12/31/2024,39918,24055,732,,3.59,38.491226,-80.954453
248,Wisconsin,12/31/2024,48519,24029,697,,1.72,44.268543,-89.616508
249,Wyoming,12/31/2024,48038,24049,734,,2.77,42.755966,-107.30249
250,Alabama,12/31/2025,48358,23587,1027,,1.52,32.806671,-86.79113
251,Alaska,12/31/2025,55133,23590,684,,5.54,61.370716,-152.404419
252,Arizona,12/31/2025,45276,23589,606,,2.98,33.729759,-111.431221
253,Arkansas,12/31/2025,42548,23612,867,,2.14,34.969704,-92.373123
254,California,12/31/2025,52454,23583,1483,,2.01,36.116203,-119.681564
255,Colorado,12/31/2025,68437,23582,1259,,1.64,39.059811,-105.311104
256,Connecticut,12/31/2025,53448,23600,1032,,2.07,41.597782,-72.755371
257,Delaware,12/31/2025,49224,23612,897,,1.92,39.318523,-75.507141
258,Florida,12/31/2025,47146,23590,1002,,1.47,27.766279,-81.686783
259,Georgia,12/31/2025,43759,23592,792,,1.75,33.040619,-83.643074
260,Hawaii,12/31/2025,65490,23604,1847,,1.48,21.094318,-157.498337
261,Idaho,12/31/2025,37864,23608,750,,1.39,44.240459,-114.478828
262,Illinois,12/31/2025,51145,23595,636,,2.17,40.349457,-88.986137
263,Indiana,12/31/2025,42635,23578,841,,1.66,39.849426,-86.258278
264,Iowa,12/31/2025,50325,23572,620,,1.37,42.011539,-93.210526
265,Kansas,12/31/2025,47545,23587,629,,2.08,38.5266,-96.726486
266,Kentucky,12/31/2025,39422,23604,676,,2.40,37.66814,-84.670067
267,Louisiana,12/31/2025,40454,23629,742,,3.17,31.169546,-91.867805
268,Maine,12/31/2025,37147,23613,963,,1.66,44.693947,-69.381927
269,Maryland,12/31/2025,55851,23605,1228,,2.28,39.063946,-76.802101
270,Massachusetts,12/31/2025,54159,23618,1805,,1.52,42.230171,-71.530106
271,Michigan,12/31/2025,43541,23614,724,,2.02,43.326618,-84.536095
272,Minnesota,12/31/2025,47924,23587,972,,1.85,45.694454,-93.900192
273,Mississippi,12/31/2025,37108,23573,795,,3.32,32.741646,-89.678696
274,Missouri,12/31/2025,41913,23608,677,,1.56,38.456085,-92.288368
275,Montana,12/31/2025,41694,23602,742,,2.11,46.921925,-110.454353
276,Nebraska,12/31/2025,49605,23603,719,,2.26,41.12537,-98.268082
277,Nevada,12/31/2025,52888,23602,814,,1.82,38.313515,-117.055374
278,New Hampshire,12/31/2025,64817,23610,1170,,1.38,43.452492,-71.563896
279,New Jersey,12/31/2025,57323,23590,1290,,1.92,40.298904,-74.521011
280,New Mexico,12/31/2025,41595,23595,704,,3.65,34.840515,-106.248482
281,New York,12/31/2025,53968,23580,1438,,2.36,42.165726,-74.948051
282,North Carolina,12/31/2025,45481,23604,796,,2.09,35.630066,-79.806419
283,North Dakota,12/31/2025,42535,23603,645,,1.79,47.528912,-99.784012
284,Ohio,12/31/2025,45741,23604,642,,2.35,40.388783,-82.764915
285,Oklahoma,12/31/2025,46862,23614,641,,1.99,35.565342,-96.928917
286,Oregon,12/31/2025,45891,23608,921,,2.20,44.572021,-122.070938
287,Pennsylvania,12/31/2025,51193,23597,1042,,2.43,40.590752,-77.209755
288,Rhode Island,12/31/2025,45056,23586,1250,,1.74,41.680893,-71.51178
289,South Carolina,12/31/2025,39553,23592,827,,1.33,33.856892,-80.945007
290,South Dakota,12/31/2025,48090,23601,562,,2.05,44.299782,-99.438828
291,Tennessee,12/31/2025,41164,23593,713,,1.66,35.747845,-86.692345
292,Texas,12/31/2025,45230,23592,827,,2.07,31.054487,-97.563461
293,Utah,12/31/2025,57486,23595,773,,1.39,40.150032,-111.862434
294,Vermont,12/31/2025,45147,23588,1213,,1.13,44.045876,-72.710686
295,Virginia,12/31/2025,53837,23605,999,,1.52,37.769337,-78.169968
296,Washington,12/31/2025,49773,23588,1074,,2.76,47.400902,-121.490494
297,West Virginia,12/31/2025,40500,23617,743,,3.38,38.491226,-80.954453
298,Wisconsin,12/31/2025,47069,23587,675,,1.53,44.268543,-89.616508
299,Wyoming,12/31/2025,46975,23610,716,,2.61,42.755966,-107.30249
300,Alabama,12/31/2026,47118,23153,1000,,1.34,32.806671,-86.79113
301,Alaska,12/31/2026,54331,23156,674,,5.41,61.370716,-152.404419
302,Arizona,12/31/2026,44062,23155,590,,2.74,33.729759,-111.431221
303,Arkansas,12/31/2026,41767,23181,850,,1.96,34.969704,-92.373123
304,California,12/31/2026,53287,23148,1505,,1.78,36.116203,-119.681564
305,Colorado,12/31/2026,69901,23147,1283,,1.48,39.059811,-105.311104
306,Connecticut,12/31/2026,52769,23167,1017,,1.87,41.597782,-72.755371
307,Delaware,12/31/2026,47780,23181,870,,1.74,39.318523,-75.507141
308,Florida,12/31/2026,46586,23156,990,,1.28,27.766279,-81.686783
309,Georgia,12/31/2026,42628,23158,772,,1.55,33.040619,-83.643074
310,Hawaii,12/31/2026,67489,23172,1911,,1.34,21.094318,-157.498337
311,Idaho,12/31/2026,37933,23176,751,,1.23,44.240459,-114.478828
312,Illinois,12/31/2026,49344,23162,615,,1.95,40.349457,-88.986137
313,Indiana,12/31/2026,41764,23143,824,,1.47,39.849426,-86.258278
314,Iowa,12/31/2026,48323,23135,595,,1.24,42.011539,-93.210526
315,Kansas,12/31/2026,45611,23152,604,,1.92,38.5266,-96.726486
316,Kentucky,12/31/2026,39094,23172,670,,2.19,37.66814,-84.670067
317,Louisiana,12/31/2026,39708,23201,728,,2.98,31.169546,-91.867805
318,Maine,12/31/2026,38235,23182,991,,1.49,44.693947,-69.381927
319,Maryland,12/31/2026,55237,23174,1215,,2.10,39.063946,-76.802101
320,Massachusetts,12/31/2026,57995,23188,1939,,1.36,42.230171,-71.530106
321,Michigan,12/31/2026,42612,23183,709,,1.79,43.326618,-84.536095
322,Minnesota,12/31/2026,48489,23153,983,,1.69,45.694454,-93.900192
323,Mississippi,12/31/2026,37571,23136,805,,3.09,32.741646,-89.678696
324,Missouri,12/31/2026,40877,23177,661,,1.38,38.456085,-92.288368
325,Montana,12/31/2026,41595,23170,741,,1.93,46.921925,-110.454353
326,Nebraska,12/31/2026,48977,23171,711,,2.15,41.12537,-98.268082
327,Nevada,12/31/2026,50961,23170,784,,1.59,38.313515,-117.055374
328,New Hampshire,12/31/2026,66035,23179,1190,,1.26,43.452492,-71.563896
329,New Jersey,12/31/2026,57605,23156,1297,,1.73,40.298904,-74.521011
330,New Mexico,12/31/2026,40531,23162,688,,3.47,34.840515,-106.248482
331,New York,12/31/2026,55604,23145,1484,,2.16,42.165726,-74.948051
332,North Carolina,12/31/2026,45051,23172,788,,1.88,35.630066,-79.806419
333,North Dakota,12/31/2026,41293,23171,626,,1.70,47.528912,-99.784012
334,Ohio,12/31/2026,44473,23172,623,,2.13,40.388783,-82.764915
335,Oklahoma,12/31/2026,45496,23183,622,,1.83,35.565342,-96.928917
336,Oregon,12/31/2026,45345,23177,910,,1.98,44.572021,-122.070938
337,Pennsylvania,12/31/2026,52649,23164,1071,,2.24,40.590752,-77.209755
338,Rhode Island,12/31/2026,46946,23152,1307,,1.54,41.680893,-71.51178
339,South Carolina,12/31/2026,39484,23158,825,,1.16,33.856892,-80.945007
340,South Dakota,12/31/2026,46323,23168,542,,1.93,44.299782,-99.438828
341,Tennessee,12/31/2026,40287,23160,698,,1.48,35.747845,-86.692345
342,Texas,12/31/2026,44193,23158,808,,1.90,31.054487,-97.563461
343,Utah,12/31/2026,55616,23162,747,,1.24,40.150032,-111.862434
344,Vermont,12/31/2026,47045,23154,1264,,1.01,44.045876,-72.710686
345,Virginia,12/31/2026,52451,23174,973,,1.38,37.769337,-78.169968
346,Washington,12/31/2026,49446,23154,1067,,2.54,47.400902,-121.490494
347,West Virginia,12/31/2026,41090,23187,754,,3.18,38.491226,-80.954453
348,Wisconsin,12/31/2026,45662,23152,655,,1.37,44.268543,-89.616508
349,Wyoming,12/31/2026,45936,23180,699,,2.46,42.755966,-107.30249
350,Alabama,12/31/2027,45910,22726,975,,1.18,32.806671,-86.79113
351,Alaska,12/31/2027,53540,22730,664,,5.30,61.370716,-152.404419
352,Arizona,12/31/2027,42880,22729,575,,2.53,33.729759,-111.431221
353,Arkansas,12/31/2027,40999,22758,834,,1.80,34.969704,-92.373123
354,California,12/31/2027,54133,22721,1528,,1.58,36.116203,-119.681564
355,Colorado,12/31/2027,71396,22720,1308,,1.34,39.059811,-105.311104
356,Connecticut,12/31/2027,52100,22742,1003,,1.70,41.597782,-72.755371
357,Delaware,12/31/2027,46378,22758,844,,1.58,39.318523,-75.507141
358,Florida,12/31/2027,46032,22730,978,,1.12,27.766279,-81.686783
359,Georgia,12/31/2027,41526,22733,752,,1.37,33.040619,-83.643074
360,Hawaii,12/31/2027,69550,22748,1977,,1.21,21.094318,-157.498337
361,Idaho,12/31/2027,38002,22753,753,,1.09,44.240459,-114.478828
362,Illinois,12/31/2027,47607,22736,594,,1.75,40.349457,-88.986137
363,Indiana,12/31/2027,40911,22715,807,,1.30,39.849426,-86.258278
364,Iowa,12/31/2027,46400,22707,572,,1.13,42.011539,-93.210526
365,Kansas,12/31/2027,43755,22726,581,,1.78,38.5266,-96.726486
366,Kentucky,12/31/2027,38769,22747,664,,1.99,37.66814,-84.670067
367,Louisiana,12/31/2027,38976,22780,716,,2.81,31.169546,-91.867805
368,Maine,12/31/2027,39355,22759,1021,,1.34,44.693947,-69.381927
369,Maryland,12/31/2027,54630,22750,1202,,1.94,39.063946,-76.802101
370,Massachusetts,12/31/2027,62103,22766,2084,,1.22,42.230171,-71.530106
371,Michigan,12/31/2027,41702,22760,694,,1.59,43.326618,-84.536095
372,Minnesota,12/31/2027,49061,22726,995,,1.54,45.694454,-93.900192
373,Mississippi,12/31/2027,38040,22708,815,,2.87,32.741646,-89.678696
374,Missouri,12/31/2027,39867,22753,645,,1.23,38.456085,-92.288368
375,Montana,12/31/2027,41496,22745,739,,1.77,46.921925,-110.454353
376,Nebraska,12/31/2027,48356,22747,702,,2.05,41.12537,-98.268082
377,Nevada,12/31/2027,49104,22746,756,,1.39,38.313515,-117.055374
378,New Hampshire,12/31/2027,67275,22756,1212,,1.14,43.452492,-71.563896
379,New Jersey,12/31/2027,57887,22730,1304,,1.56,40.298904,-74.521011
380,New Mexico,12/31/2027,39495,22737,672,,3.30,34.840515,-106.248482
381,New York,12/31/2027,57291,22717,1531,,1.98,42.165726,-74.948051
382,North Carolina,12/31/2027,44625,22748,780,,1.69,35.630066,-79.806419
383,North Dakota,12/31/2027,40087,22747,607,,1.62,47.528912,-99.784012
384,Ohio,12/31/2027,43240,22748,606,,1.93,40.388783,-82.764915
385,Oklahoma,12/31/2027,44170,22761,604,,1.69,35.565342,-96.928917
386,Oregon,12/31/2027,44806,22753,899,,1.79,44.572021,-122.070938
387,Pennsylvania,12/31/2027,54146,22739,1101,,2.06,40.590752,-77.209755
388,Rhode Island,12/31/2027,48915,22725,1367,,1.36,41.680893,-71.51178
389,South Carolina,12/31/2027,39415,22733,824,,1.01,33.856892,-80.945007
390,South Dakota,12/31/2027,44621,22744,523,,1.82,44.299782,-99.438828
391,Tennessee,12/31/2027,39429,22734,684,,1.32,35.747845,-86.692345
392,Texas,12/31/2027,43180,22733,789,,1.73,31.054487,-97.563461
393,Utah,12/31/2027,53806,22737,722,,1.11,40.150032,-111.862434
394,Vermont,12/31/2027,49023,22728,1318,,0.90,44.045876,-72.710686
395,Virginia,12/31/2027,51100,22750,948,,1.24,37.769337,-78.169968
396,Washington,12/31/2027,49121,22728,1059,,2.34,47.400902,-121.490494
397,West Virginia,12/31/2027,41688,22765,765,,2.99,38.491226,-80.954453
398,Wisconsin,12/31/2027,44298,22726,635,,1.22,44.268543,-89.616508
399,Wyoming,12/31/2027,44919,22756,682,,2.32,42.755966,-107.30249
400,Alabama,12/31/2028,44733,22308,949,,1.03,32.806671,-86.79113
401,Alaska,12/31/2028,52760,22312,655,,5.18,61.370716,-152.404419
402,Arizona,12/31/2028,41731,22310,560,,2.32,33.729759,-111.431221
403,Arkansas,12/31/2028,40246,22343,819,,1.65,34.969704,-92.373123
404,California,12/31/2028,54993,22302,1550,,1.40,36.116203,-119.681564
405,Colorado,12/31/2028,72924,22301,1333,,1.21,39.059811,-105.311104
406,Connecticut,12/31/2028,51439,22326,989,,1.54,41.597782,-72.755371
407,Delaware,12/31/2028,45017,22343,819,,1.43,39.318523,-75.507141
408,Florida,12/31/2028,45484,22311,967,,0.97,27.766279,-81.686783
409,Georgia,12/31/2028,40453,22315,733,,1.22,33.040619,-83.643074
410,Hawaii,12/31/2028,71673,22332,2045,,1.09,21.094318,-157.498337
411,Idaho,12/31/2028,38072,22337,754,,0.96,44.240459,-114.478828
412,Illinois,12/31/2028,45931,22319,574,,1.58,40.349457,-88.986137
413,Indiana,12/31/2028,40075,22295,791,,1.16,39.849426,-86.258278
414,Iowa,12/31/2028,44555,22286,549,,1.02,42.011539,-93.210526
415,Kansas,12/31/2028,41975,22307,558,,1.65,38.5266,-96.726486
416,Kentucky,12/31/2028,38446,22331,658,,1.81,37.66814,-84.670067
417,Louisiana,12/31/2028,38257,22367,703,,2.64,31.169546,-91.867805
418,Maine,12/31/2028,40508,22344,1051,,1.21,44.693947,-69.381927
419,Maryland,12/31/2028,54030,22334,1189,,1.78,39.063946,-76.802101
420,Massachusetts,12/31/2028,66503,22351,2239,,1.09,42.230171,-71.530106
421,Michigan,12/31/2028,40812,22345,679,,1.42,43.326618,-84.536095
422,Minnesota,12/31/2028,49639,22308,1007,,1.40,45.694454,-93.900192
423,Mississippi,12/31/2028,38515,22287,825,,2.67,32.741646,-89.678696
424,Missouri,12/31/2028,38881,22337,629,,1.09,38.456085,-92.288368
425,Montana,12/31/2028,41397,22329,738,,1.63,46.921925,-110.454353
426,Nebraska,12/31/2028,47744,22331,694,,1.96,41.12537,-98.268082
427,Nevada,12/31/2028,47314,22329,728,,1.22,38.313515,-117.055374
428,New Hampshire,12/31/2028,68539,22340,1233,,1.03,43.452492,-71.563896
429,New Jersey,12/31/2028,58172,22312,1311,,1.41,40.298904,-74.521011
430,New Mexico,12/31/2028,38484,22319,657,,3.14,34.840515,-106.248482
431,New York,12/31/2028,59028,22298,1579,,1.82,42.165726,-74.948051
432,North Carolina,12/31/2028,44203,22332,773,,1.51,35.630066,-79.806419
433,North Dakota,12/31/2028,38917,22330,589,,1.54,47.528912,-99.784012
434,Ohio,12/31/2028,42041,22331,588,,1.75,40.388783,-82.764915
435,Oklahoma,12/31/2028,42882,22346,586,,1.55,35.565342,-96.928917
436,Oregon,12/31/2028,44274,22338,889,,1.61,44.572021,-122.070938
437,Pennsylvania,12/31/2028,55686,22322,1131,,1.89,40.590752,-77.209755
438,Rhode Island,12/31/2028,50967,22307,1429,,1.20,41.680893,-71.51178
439,South Carolina,12/31/2028,39346,22315,822,,0.88,33.856892,-80.945007
440,South Dakota,12/31/2028,42981,22327,505,,1.72,44.299782,-99.438828
441,Tennessee,12/31/2028,38589,22317,670,,1.17,35.747845,-86.692345
442,Texas,12/31/2028,42190,22315,771,,1.59,31.054487,-97.563461
443,Utah,12/31/2028,52055,22319,698,,0.99,40.150032,-111.862434
444,Vermont,12/31/2028,51085,22309,1373,,0.80,44.045876,-72.710686
445,Virginia,12/31/2028,49785,22334,924,,1.12,37.769337,-78.169968
446,Washington,12/31/2028,48798,22309,1052,,2.15,47.400902,-121.490494
447,West Virginia,12/31/2028,42296,22350,776,,2.81,38.491226,-80.954453
448,Wisconsin,12/31/2028,42974,22307,616,,1.09,44.268543,-89.616508
449,Wyoming,12/31/2028,43925,22341,666,,2.19,42.755966,-107.30249
450,Alabama,12/31/2029,43586,21897,925,,0.91,32.806671,-86.79113
451,Alaska,12/31/2029,51993,21902,645,,5.07,61.370716,-152.404419
452,Arizona,12/31/2029,40612,21900,545,,2.14,33.729759,-111.431221
453,Arkansas,12/31/2029,39507,21935,803,,1.52,34.969704,-92.373123
454,California,12/31/2029,55866,21891,1573,,1.24,36.116203,-119.681564
455,Colorado,12/31/2029,74484,21889,1358,,1.09,39.059811,-105.311104
456,Connecticut,12/31/2029,50786,21916,975,,1.40,41.597782,-72.755371
457,Delaware,12/31/2029,43696,21935,794,,1.30,39.318523,-75.507141
458,Florida,12/31/2029,44944,21901,955,,0.85,27.766279,-81.686783
459,Georgia,12/31/2029,39407,21904,714,,1.08,33.040619,-83.643074
460,Hawaii,12/31/2029,73862,21923,2115,,0.99,21.094318,-157.498337
461,Idaho,12/31/2029,38141,21929,756,,0.85,44.240459,-114.478828
462,Illinois,12/31/2029,44315,21909,554,,1.42,40.349457,-88.986137
463,Indiana,12/31/2029,39256,21884,775,,1.03,39.849426,-86.258278
464,Iowa,12/31/2029,42782,21873,527,,0.93,42.011539,-93.210526
465,Kansas,12/31/2029,40267,21896,536,,1.52,38.5266,-96.726486
466,Kentucky,12/31/2029,38127,21922,653,,1.65,37.66814,-84.670067
467,Louisiana,12/31/2029,37551,21962,691,,2.49,31.169546,-91.867805
468,Maine,12/31/2029,41694,21937,1082,,1.09,44.693947,-69.381927
469,Maryland,12/31/2029,53436,21925,1176,,1.64,39.063946,-76.802101
470,Massachusetts,12/31/2029,71213,21944,2406,,0.98,42.230171,-71.530106
471,Michigan,12/31/2029,39941,21938,664,,1.26,43.326618,-84.536095
472,Minnesota,12/31/2029,50224,21897,1019,,1.28,45.694454,-93.900192
473,Mississippi,12/31/2029,38996,21874,835,,2.48,32.741646,-89.678696
474,Missouri,12/31/2029,37920,21929,614,,0.96,38.456085,-92.288368
475,Montana,12/31/2029,41298,21920,736,,1.50,46.921925,-110.454353
476,Nebraska,12/31/2029,47139,21922,685,,1.87,41.12537,-98.268082
477,Nevada,12/31/2029,45590,21920,701,,1.07,38.313515,-117.055374
478,New Hampshire,12/31/2029,69827,21932,1255,,0.94,43.452492,-71.563896
479,New Jersey,12/31/2029,58457,21902,1318,,1.27,40.298904,-74.521011
480,New Mexico,12/31/2029,37500,21909,642,,2.99,34.840515,-106.248482
481,New York,12/31/2029,60818,21886,1629,,1.67,42.165726,-74.948051
482,North Carolina,12/31/2029,43785,21924,765,,1.36,35.630066,-79.806419
483,North Dakota,12/31/2029,37780,21922,571,,1.47,47.528912,-99.784012
484,Ohio,12/31/2029,40876,21923,571,,1.59,40.388783,-82.764915
485,Oklahoma,12/31/2029,41632,21938,569,,1.43,35.565342,-96.928917
486,Oregon,12/31/2029,43747,21930,879,,1.45,44.572021,-122.070938
487,Pennsylvania,12/31/2029,57270,21913,1163,,1.74,40.590752,-77.209755
488,Rhode Island,12/31/2029,53105,21896,1495,,1.06,41.680893,-71.51178
489,South Carolina,12/31/2029,39277,21904,820,,0.76,33.856892,-80.945007
490,South Dakota,12/31/2029,41402,21918,487,,1.62,44.299782,-99.438828
491,Tennessee,12/31/2029,37766,21907,656,,1.04,35.747845,-86.692345
492,Texas,12/31/2029,41223,21905,753,,1.45,31.054487,-97.563461
493,Utah,12/31/2029,50361,21909,674,,0.88,40.150032,-111.862434
494,Vermont,12/31/2029,53233,21899,1432,,0.72,44.045876,-72.710686
495,Virginia,12/31/2029,48503,21925,901,,1.01,37.769337,-78.169968
496,Washington,12/31/2029,48478,21899,1044,,1.98,47.400902,-121.490494
497,West Virginia,12/31/2029,42912,21943,788,,2.65,38.491226,-80.954453
498,Wisconsin,12/31/2029,41689,21896,597,,0.97,44.268543,-89.616508
499,Wyoming,12/31/2029,42953,21933,650,,2.06,42.755966,-107.30249
